Stats_ID,Player_Name,Player_ID,Team_ID,Competition_ID,Matches_Index,Conditional_Index,Goal_Involvement_Index,Passing_Index,Technical_Skills_Index,Offensive_Index,Defensive_Index,Performance_Index,xPerformance_Index,Scouting_Index
1,Abdul Issahaku Fatawu ,1,1,17,77.0,69.0,52.0,78.0,71.0,76.0,83.0,70.0,79.0,80.0
2,Adam Hložek ,2,2,18,72.0,53.0,70.0,82.0,72.0,70.0,71.0,78.0,80.0,90.0
3,Adam Wharton,3,3,19,77.0,87.0,65.0,76.0,71.0,85.0,77.0,71.0,82.0,90.0
4,Adrion Pajaziti,4,4,19,88.0,53.0,90.0,70.0,55.0,82.0,79.0,56.0,68.0,70.0
5,Agustín Ruberto ,5,5,20,62.0,56.0,85.0,55.0,62.0,39.0,40.0,57.0,60.0,50.0
6,Alan Matturro,6,6,21,83.0,88.0,60.0,67.0,60.0,70.0,70.0,55.0,71.0,70.0
7,Alan Minda,7,7,22,50.0,30.0,70.0,81.0,72.0,60.0,65.0,70.0,80.0,80.0
8,Alan Varela,8,8,23,81.0,61.0,45.0,75.0,80.0,56.0,70.0,80.0,85.0,90.0
9,Alberto Moleiro,9,9,24,70.0,30.0,50.0,70.0,71.0,60.0,65.0,71.0,80.0,90.0
10,Alejandro Garnacho,10,10,19,65.0,40.0,75.0,72.0,81.0,80.0,80.0,81.0,94.0,100.0
11,Alemão João Victor,11,11,23,84.0,68.0,90.0,65.0,65.0,55.0,75.0,57.0,70.0,70.0
12,Alex Baena,12,12,24,74.0,31.0,80.0,83.0,81.0,76.0,55.0,81.0,86.0,100.0
13,Álex Jiménez,13,13,21,71.0,47.0,65.0,76.0,55.0,60.0,71.0,50.0,70.0,60.0
14,Alex Scott ,14,14,19,82.0,45.0,60.0,70.0,73.0,66.0,68.0,70.0,80.0,90.0
15,Anatoliy Trubin ,15,15,23,99.0,100.0,95.0,71.0,80.0,66.0,70.0,80.0,88.0,90.0
16,Andreas Schjelderup,16,16,25,76.0,30.0,90.0,83.0,75.0,77.0,70.0,75.0,85.0,90.0
17,Andrés Gómez  ,17,17,26,72.0,30.0,75.0,65.0,70.0,70.0,67.0,70.0,78.0,80.0
18,Andrey Santos,18,18,27,90.0,72.0,90.0,57.0,70.0,76.0,74.0,66.0,80.0,80.0
19,Ângelo Gabriel,19,19,27,60.0,30.0,60.0,73.0,70.0,66.0,70.0,68.0,81.0,80.0
20,Anselmo Garcia McNulty,20,20,28,94.0,85.0,50.0,73.0,67.0,60.0,83.0,65.0,75.0,70.0
21,Anthony Elanga,21,21,19,67.0,64.0,80.0,71.0,77.0,76.0,83.0,76.0,82.0,90.0
22,Anthony Gordon,22,22,19,69.0,42.0,75.0,72.0,85.0,77.0,74.0,86.0,90.0,100.0
23,Antoni Milambo,23,23,28,76.0,43.0,85.0,70.0,60.0,76.0,70.0,55.0,70.0,70.0
24,Antonio Nusa,24,24,22,54.0,30.0,65.0,71.0,72.0,75.0,80.0,70.0,83.0,80.0
25,Aral Simsir,25,25,25,76.0,43.0,90.0,86.0,73.0,93.0,71.0,70.0,77.0,80.0
26,Archie Brown,26,26,22,88.0,80.0,80.0,73.0,75.0,80.0,75.0,72.0,81.0,90.0
27,Archie Gray,27,27,17,81.0,71.0,45.0,60.0,74.0,50.0,82.0,74.0,91.0,60.0
28,Armindo Sieb ,28,28,29,72.0,40.0,80.0,65.0,71.0,78.0,66.0,70.0,78.0,80.0
29,Arouna Sangante,29,29,27,91.0,92.0,70.0,74.0,72.0,60.0,70.0,70.0,77.0,90.0
30,Arthur Vermeeren,30,30,24,91.0,85.0,70.0,74.0,75.0,57.0,81.0,73.0,84.0,90.0
31,Ashley Phillips,31,31,17,82.0,66.0,55.0,71.0,65.0,35.0,73.0,60.0,78.0,60.0
32,Ayman Kari,32,32,27,82.0,45.0,70.0,70.0,65.0,70.0,85.0,57.0,74.0,70.0
33,Ayyoub Bouadi,33,33,27,68.0,68.0,90.0,78.0,57.0,51.0,50.0,50.0,60.0,60.0
34,Arda Güler,34,34,24,60.0,53.0,95.0,95.0,70.0,94.0,73.0,60.0,75.0,70.0
35,Bart Verbruggen ,35,35,19,99.0,100.0,85.0,87.0,77.0,73.0,70.0,76.0,87.0,90.0
36,Bastien Meupiyou,36,36,27,90.0,77.0,95.0,75.0,60.0,85.0,80.0,50.0,70.0,70.0
37,Benjamin Sesko ,37,37,18,65.0,50.0,95.0,70.0,85.0,88.0,75.0,85.0,90.0,100.0
38,Benjamin Tahirovic,38,38,28,60.0,50.0,90.0,90.0,70.0,81.0,70.0,66.0,75.0,80.0
39,Bilal El Khannouss,39,39,22,80.0,40.0,65.0,85.0,75.0,65.0,70.0,75.0,80.0,90.0
40,Billy Gilmour ,40,40,19,80.0,60.0,65.0,87.0,76.0,70.0,75.0,75.0,81.0,90.0
41,Bobby Clark,41,41,19,80.0,65.0,99.0,76.0,60.0,90.0,70.0,50.0,70.0,70.0
42,Bradley Barcola,42,42,27,70.0,50.0,75.0,95.0,80.0,65.0,70.0,76.0,85.0,90.0
43,Bradley Locko,43,43,27,60.0,55.0,50.0,75.0,75.0,56.0,80.0,73.0,80.0,90.0
44,Brajan Gruda,44,44,18,66.0,50.0,90.0,80.0,75.0,90.0,77.0,70.0,80.0,80.0
45,Brandan Craig,45,45,26,92.0,83.0,60.0,77.0,55.0,50.0,70.0,50.0,65.0,60.0
46,Brian Brobbey,46,46,28,65.0,50.0,95.0,65.0,80.0,87.0,60.0,80.0,85.0,90.0
47,Brian Gutiérrez,47,47,26,70.0,60.0,70.0,75.0,70.0,65.0,65.0,70.0,80.0,90.0
48,Bukayo Saka,48,48,19,83.0,70.0,85.0,77.0,90.0,85.0,76.0,94.0,95.0,100.0
49,Cade Cowell,49,49,30,55.0,40.0,60.0,59.0,70.0,65.0,67.0,70.0,80.0,80.0
50,Can Uzun,50,50,29,80.0,76.0,90.0,70.0,70.0,86.0,65.0,65.0,80.0,70.0
51,Carlos Alcaraz ,51,51,21,56.0,30.0,85.0,65.0,70.0,70.0,71.0,70.0,77.0,80.0
52,Carlos Forbs,52,52,28,66.0,40.0,90.0,72.0,65.0,85.0,70.0,60.0,75.0,70.0
53,Castello Lukeba,53,53,18,87.0,88.0,70.0,75.0,80.0,65.0,75.0,80.0,85.0,90.0
54,Cavan Sullivan,54,54,26,50.0,50.0,70.0,70.0,80.0,70.0,70.0,50.0,50.0,50.0
55,Chaka Traorè,55,55,21,71.0,95.0,90.0,75.0,60.0,90.0,66.0,50.0,68.0,60.0
56,Charles de Ketelaere ,56,56,21,67.0,90.0,70.0,76.0,80.0,72.0,80.0,80.0,84.0,90.0
57,Chido Obi,57,57,31,75.0,81.0,95.0,80.0,50.0,95.0,60.0,40.0,60.0,50.0
58,Christos Tzolis,58,58,29,70.0,50.0,75.0,87.0,80.0,72.0,70.0,77.0,85.0,90.0
59,Claudio Echeverri ,59,59,32,68.0,50.0,99.0,80.0,70.0,91.0,77.0,65.0,78.0,70.0
60,Cole Palmer ,60,60,19,70.0,83.0,98.0,81.0,87.0,85.0,73.0,89.0,91.0,100.0
61,Conor Bradley ,61,61,19,83.0,50.0,80.0,75.0,75.0,83.0,81.0,73.0,85.0,90.0
62,Couhaib Driouech,62,62,28,68.0,50.0,75.0,77.0,65.0,75.0,74.0,65.0,71.0,70.0
63,Cristhian Mosquera,63,63,24,78.0,60.0,40.0,65.0,76.0,30.0,70.0,75.0,86.0,90.0
64,Crysencio Summerville,64,64,19,80.0,60.0,70.0,82.0,80.0,61.0,71.0,77.0,82.0,90.0
65,Daan Huijsen,65,65,21,87.0,80.0,90.0,82.0,66.0,88.0,72.0,60.0,77.0,70.0
66,Daniel Maldini,66,66,21,60.0,50.0,90.0,65.0,65.0,80.0,74.0,60.0,70.0,70.0
67,Abdul Issahaku Fatawu ,1,1,17,77.0,69.0,52.0,78.0,71.0,76.0,83.0,70.0,79.0,80.0
68,Adam Hložek ,2,2,18,72.0,53.0,70.0,82.0,72.0,70.0,71.0,78.0,80.0,90.0
69,Adam Wharton,3,3,19,77.0,87.0,65.0,76.0,71.0,85.0,77.0,71.0,82.0,90.0
70,Adrion Pajaziti,4,4,19,88.0,53.0,90.0,70.0,55.0,82.0,79.0,56.0,68.0,70.0
71,Agustín Ruberto ,5,5,20,62.0,56.0,85.0,55.0,62.0,39.0,40.0,57.0,60.0,50.0
72,Alan Matturro,6,6,21,83.0,88.0,60.0,67.0,60.0,70.0,70.0,55.0,71.0,70.0
73,Alan Minda,7,7,22,50.0,30.0,70.0,81.0,72.0,60.0,65.0,70.0,80.0,80.0
74,Alan Varela,8,8,23,81.0,61.0,45.0,75.0,80.0,56.0,70.0,80.0,85.0,90.0
75,Alberto Moleiro,9,9,24,70.0,30.0,50.0,70.0,71.0,60.0,65.0,71.0,80.0,90.0
76,Alejandro Garnacho,10,10,19,65.0,40.0,75.0,72.0,81.0,80.0,80.0,81.0,94.0,100.0
77,Alemão João Victor,11,11,23,84.0,68.0,90.0,65.0,65.0,55.0,75.0,57.0,70.0,70.0
78,Alex Baena,12,12,24,74.0,31.0,80.0,83.0,81.0,76.0,55.0,81.0,86.0,100.0
79,Álex Jiménez,13,13,21,71.0,47.0,65.0,76.0,55.0,60.0,71.0,50.0,70.0,60.0
80,Alex Scott ,14,14,19,82.0,45.0,60.0,70.0,73.0,66.0,68.0,70.0,80.0,90.0
81,Anatoliy Trubin ,15,15,23,99.0,100.0,95.0,71.0,80.0,66.0,70.0,80.0,88.0,90.0
82,Andreas Schjelderup,16,16,25,76.0,30.0,90.0,83.0,75.0,77.0,70.0,75.0,85.0,90.0
83,Andrés Gómez  ,17,17,26,72.0,30.0,75.0,65.0,70.0,70.0,67.0,70.0,78.0,80.0
84,Andrey Santos,18,18,27,90.0,72.0,90.0,57.0,70.0,76.0,74.0,66.0,80.0,80.0
85,Ângelo Gabriel,19,19,27,60.0,30.0,60.0,73.0,70.0,66.0,70.0,68.0,81.0,80.0
86,Anselmo Garcia McNulty,20,20,28,94.0,85.0,50.0,73.0,67.0,60.0,83.0,65.0,75.0,70.0
87,Anthony Elanga,21,21,19,67.0,64.0,80.0,71.0,77.0,76.0,83.0,76.0,82.0,90.0
88,Anthony Gordon,22,22,19,69.0,42.0,75.0,72.0,85.0,77.0,74.0,86.0,90.0,100.0
89,Antoni Milambo,23,23,28,76.0,43.0,85.0,70.0,60.0,76.0,70.0,55.0,70.0,70.0
90,Antonio Nusa,24,24,22,54.0,30.0,65.0,71.0,72.0,75.0,80.0,70.0,83.0,80.0
91,Aral Simsir,25,25,25,76.0,43.0,90.0,86.0,73.0,93.0,71.0,70.0,77.0,80.0
92,Archie Brown,26,26,22,88.0,80.0,80.0,73.0,75.0,80.0,75.0,72.0,81.0,90.0
93,Archie Gray,27,27,17,81.0,71.0,45.0,60.0,74.0,50.0,82.0,74.0,91.0,60.0
94,Armindo Sieb ,28,28,29,72.0,40.0,80.0,65.0,71.0,78.0,66.0,70.0,78.0,80.0
95,Arouna Sangante,29,29,27,91.0,92.0,70.0,74.0,72.0,60.0,70.0,70.0,77.0,90.0
96,Arthur Vermeeren,30,30,24,91.0,85.0,70.0,74.0,75.0,57.0,81.0,73.0,84.0,90.0
97,Ashley Phillips,31,31,17,82.0,66.0,55.0,71.0,65.0,35.0,73.0,60.0,78.0,60.0
98,Ayman Kari,32,32,27,82.0,45.0,70.0,70.0,65.0,70.0,85.0,57.0,74.0,70.0
99,Ayyoub Bouadi,33,33,27,68.0,68.0,90.0,78.0,57.0,51.0,50.0,50.0,60.0,60.0
100,Arda Güler,34,34,24,60.0,53.0,95.0,95.0,70.0,94.0,73.0,60.0,75.0,70.0
101,Bart Verbruggen ,35,35,19,99.0,100.0,85.0,87.0,77.0,73.0,70.0,76.0,87.0,90.0
102,Bastien Meupiyou,36,36,27,90.0,77.0,95.0,75.0,60.0,85.0,80.0,50.0,70.0,70.0
103,Benjamin Sesko ,37,37,18,65.0,50.0,95.0,70.0,85.0,88.0,75.0,85.0,90.0,100.0
104,Benjamin Tahirovic,38,38,28,60.0,50.0,90.0,90.0,70.0,81.0,70.0,66.0,75.0,80.0
105,Bilal El Khannouss,39,39,22,80.0,40.0,65.0,85.0,75.0,65.0,70.0,75.0,80.0,90.0
106,Billy Gilmour ,40,40,19,80.0,60.0,65.0,87.0,76.0,70.0,75.0,75.0,81.0,90.0
107,Bobby Clark,41,41,19,80.0,65.0,99.0,76.0,60.0,90.0,70.0,50.0,70.0,70.0
108,Bradley Barcola,42,42,27,70.0,50.0,75.0,95.0,80.0,65.0,70.0,76.0,85.0,90.0
109,Bradley Locko,43,43,27,60.0,55.0,50.0,75.0,75.0,56.0,80.0,73.0,80.0,90.0
110,Brajan Gruda,44,44,18,66.0,50.0,90.0,80.0,75.0,90.0,77.0,70.0,80.0,80.0
111,Brandan Craig,45,45,26,92.0,83.0,60.0,77.0,55.0,50.0,70.0,50.0,65.0,60.0
112,Brian Brobbey,46,46,28,65.0,50.0,95.0,65.0,80.0,87.0,60.0,80.0,85.0,90.0
113,Brian Gutiérrez,47,47,26,70.0,60.0,70.0,75.0,70.0,65.0,65.0,70.0,80.0,90.0
114,Bukayo Saka,48,48,19,83.0,70.0,85.0,77.0,90.0,85.0,76.0,94.0,95.0,100.0
115,Cade Cowell,49,49,30,55.0,40.0,60.0,59.0,70.0,65.0,67.0,70.0,80.0,80.0
116,Can Uzun,50,50,29,80.0,76.0,90.0,70.0,70.0,86.0,65.0,65.0,80.0,70.0
117,Carlos Alcaraz ,51,51,21,56.0,30.0,85.0,65.0,70.0,70.0,71.0,70.0,77.0,80.0
118,Carlos Forbs,52,52,28,66.0,40.0,90.0,72.0,65.0,85.0,70.0,60.0,75.0,70.0
119,Castello Lukeba,53,53,18,87.0,88.0,70.0,75.0,80.0,65.0,75.0,80.0,85.0,90.0
120,Cavan Sullivan,54,54,26,50.0,50.0,70.0,70.0,80.0,70.0,70.0,50.0,50.0,50.0
121,Chaka Traorè,55,55,21,71.0,95.0,90.0,75.0,60.0,90.0,66.0,50.0,68.0,60.0
122,Charles de Ketelaere ,56,56,21,67.0,90.0,70.0,76.0,80.0,72.0,80.0,80.0,84.0,90.0
123,Chido Obi,57,57,31,75.0,81.0,95.0,80.0,50.0,95.0,60.0,40.0,60.0,50.0
124,Christos Tzolis,58,58,29,70.0,50.0,75.0,87.0,80.0,72.0,70.0,77.0,85.0,90.0
125,Claudio Echeverri ,59,59,32,68.0,50.0,99.0,80.0,70.0,91.0,77.0,65.0,78.0,70.0
126,Cole Palmer ,60,60,19,70.0,83.0,98.0,81.0,87.0,85.0,73.0,89.0,91.0,100.0
127,Conor Bradley ,61,61,19,83.0,50.0,80.0,75.0,75.0,83.0,81.0,73.0,85.0,90.0
128,Couhaib Driouech,62,62,28,68.0,50.0,75.0,77.0,65.0,75.0,74.0,65.0,71.0,70.0
129,Cristhian Mosquera,63,63,24,78.0,60.0,40.0,65.0,76.0,30.0,70.0,75.0,86.0,90.0
130,Crysencio Summerville,64,64,19,80.0,60.0,70.0,82.0,80.0,61.0,71.0,77.0,82.0,90.0
131,Daan Huijsen,65,65,21,87.0,80.0,90.0,82.0,66.0,88.0,72.0,60.0,77.0,70.0
132,Daniel Maldini,66,66,21,60.0,50.0,90.0,65.0,65.0,80.0,74.0,60.0,70.0,70.0
133,Abdul Issahaku Fatawu ,1,1,17,77.0,69.0,52.0,78.0,71.0,76.0,83.0,70.0,79.0,80.0
134,Adam Hložek ,2,2,18,72.0,53.0,70.0,82.0,72.0,70.0,71.0,78.0,80.0,90.0
135,Adam Wharton,3,3,19,77.0,87.0,65.0,76.0,71.0,85.0,77.0,71.0,82.0,90.0
136,Adrion Pajaziti,4,4,19,88.0,53.0,90.0,70.0,55.0,82.0,79.0,56.0,68.0,70.0
137,Agustín Ruberto ,5,5,20,62.0,56.0,85.0,55.0,62.0,39.0,40.0,57.0,60.0,50.0
138,Alan Matturro,6,6,21,83.0,88.0,60.0,67.0,60.0,70.0,70.0,55.0,71.0,70.0
139,Alan Minda,7,7,22,50.0,30.0,70.0,81.0,72.0,60.0,65.0,70.0,80.0,80.0
140,Alan Varela,8,8,23,81.0,61.0,45.0,75.0,80.0,56.0,70.0,80.0,85.0,90.0
141,Alberto Moleiro,9,9,24,70.0,30.0,50.0,70.0,71.0,60.0,65.0,71.0,80.0,90.0
142,Alejandro Garnacho,10,10,19,65.0,40.0,75.0,72.0,81.0,80.0,80.0,81.0,94.0,100.0
143,Alemão João Victor,11,11,23,84.0,68.0,90.0,65.0,65.0,55.0,75.0,57.0,70.0,70.0
144,Alex Baena,12,12,24,74.0,31.0,80.0,83.0,81.0,76.0,55.0,81.0,86.0,100.0
145,Álex Jiménez,13,13,21,71.0,47.0,65.0,76.0,55.0,60.0,71.0,50.0,70.0,60.0
146,Alex Scott ,14,14,19,82.0,45.0,60.0,70.0,73.0,66.0,68.0,70.0,80.0,90.0
147,Anatoliy Trubin ,15,15,23,99.0,100.0,95.0,71.0,80.0,66.0,70.0,80.0,88.0,90.0
148,Andreas Schjelderup,16,16,25,76.0,30.0,90.0,83.0,75.0,77.0,70.0,75.0,85.0,90.0
149,Andrés Gómez  ,17,17,26,72.0,30.0,75.0,65.0,70.0,70.0,67.0,70.0,78.0,80.0
150,Andrey Santos,18,18,27,90.0,72.0,90.0,57.0,70.0,76.0,74.0,66.0,80.0,80.0
151,Ângelo Gabriel,19,19,27,60.0,30.0,60.0,73.0,70.0,66.0,70.0,68.0,81.0,80.0
152,Anselmo Garcia McNulty,20,20,28,94.0,85.0,50.0,73.0,67.0,60.0,83.0,65.0,75.0,70.0
153,Anthony Elanga,21,21,19,67.0,64.0,80.0,71.0,77.0,76.0,83.0,76.0,82.0,90.0
154,Anthony Gordon,22,22,19,69.0,42.0,75.0,72.0,85.0,77.0,74.0,86.0,90.0,100.0
155,Antoni Milambo,23,23,28,76.0,43.0,85.0,70.0,60.0,76.0,70.0,55.0,70.0,70.0
156,Antonio Nusa,24,24,22,54.0,30.0,65.0,71.0,72.0,75.0,80.0,70.0,83.0,80.0
157,Aral Simsir,25,25,25,76.0,43.0,90.0,86.0,73.0,93.0,71.0,70.0,77.0,80.0
158,Archie Brown,26,26,22,88.0,80.0,80.0,73.0,75.0,80.0,75.0,72.0,81.0,90.0
159,Archie Gray,27,27,17,81.0,71.0,45.0,60.0,74.0,50.0,82.0,74.0,91.0,60.0
160,Armindo Sieb ,28,28,29,72.0,40.0,80.0,65.0,71.0,78.0,66.0,70.0,78.0,80.0
161,Arouna Sangante,29,29,27,91.0,92.0,70.0,74.0,72.0,60.0,70.0,70.0,77.0,90.0
162,Arthur Vermeeren,30,30,24,91.0,85.0,70.0,74.0,75.0,57.0,81.0,73.0,84.0,90.0
163,Ashley Phillips,31,31,17,82.0,66.0,55.0,71.0,65.0,35.0,73.0,60.0,78.0,60.0
164,Ayman Kari,32,32,27,82.0,45.0,70.0,70.0,65.0,70.0,85.0,57.0,74.0,70.0
165,Ayyoub Bouadi,33,33,27,68.0,68.0,90.0,78.0,57.0,51.0,50.0,50.0,60.0,60.0
166,Arda Güler,34,34,24,60.0,53.0,95.0,95.0,70.0,94.0,73.0,60.0,75.0,70.0
167,Bart Verbruggen ,35,35,19,99.0,100.0,85.0,87.0,77.0,73.0,70.0,76.0,87.0,90.0
168,Bastien Meupiyou,36,36,27,90.0,77.0,95.0,75.0,60.0,85.0,80.0,50.0,70.0,70.0
169,Benjamin Sesko ,37,37,18,65.0,50.0,95.0,70.0,85.0,88.0,75.0,85.0,90.0,100.0
170,Benjamin Tahirovic,38,38,28,60.0,50.0,90.0,90.0,70.0,81.0,70.0,66.0,75.0,80.0
171,Bilal El Khannouss,39,39,22,80.0,40.0,65.0,85.0,75.0,65.0,70.0,75.0,80.0,90.0
172,Billy Gilmour ,40,40,19,80.0,60.0,65.0,87.0,76.0,70.0,75.0,75.0,81.0,90.0
173,Bobby Clark,41,41,19,80.0,65.0,99.0,76.0,60.0,90.0,70.0,50.0,70.0,70.0
174,Bradley Barcola,42,42,27,70.0,50.0,75.0,95.0,80.0,65.0,70.0,76.0,85.0,90.0
175,Bradley Locko,43,43,27,60.0,55.0,50.0,75.0,75.0,56.0,80.0,73.0,80.0,90.0
176,Brajan Gruda,44,44,18,66.0,50.0,90.0,80.0,75.0,90.0,77.0,70.0,80.0,80.0
177,Brandan Craig,45,45,26,92.0,83.0,60.0,77.0,55.0,50.0,70.0,50.0,65.0,60.0
178,Brian Brobbey,46,46,28,65.0,50.0,95.0,65.0,80.0,87.0,60.0,80.0,85.0,90.0
179,Brian Gutiérrez,47,47,26,70.0,60.0,70.0,75.0,70.0,65.0,65.0,70.0,80.0,90.0
180,Bukayo Saka,48,48,19,83.0,70.0,85.0,77.0,90.0,85.0,76.0,94.0,95.0,100.0
181,Cade Cowell,49,49,30,55.0,40.0,60.0,59.0,70.0,65.0,67.0,70.0,80.0,80.0
182,Can Uzun,50,50,29,80.0,76.0,90.0,70.0,70.0,86.0,65.0,65.0,80.0,70.0
183,Carlos Alcaraz ,51,51,21,56.0,30.0,85.0,65.0,70.0,70.0,71.0,70.0,77.0,80.0
184,Carlos Forbs,52,52,28,66.0,40.0,90.0,72.0,65.0,85.0,70.0,60.0,75.0,70.0
185,Castello Lukeba,53,53,18,87.0,88.0,70.0,75.0,80.0,65.0,75.0,80.0,85.0,90.0
186,Cavan Sullivan,54,54,26,50.0,50.0,70.0,70.0,80.0,70.0,70.0,50.0,50.0,50.0
187,Chaka Traorè,55,55,21,71.0,95.0,90.0,75.0,60.0,90.0,66.0,50.0,68.0,60.0
188,Charles de Ketelaere ,56,56,21,67.0,90.0,70.0,76.0,80.0,72.0,80.0,80.0,84.0,90.0
189,Chido Obi,57,57,31,75.0,81.0,95.0,80.0,50.0,95.0,60.0,40.0,60.0,50.0
190,Christos Tzolis,58,58,29,70.0,50.0,75.0,87.0,80.0,72.0,70.0,77.0,85.0,90.0
191,Claudio Echeverri ,59,59,32,68.0,50.0,99.0,80.0,70.0,91.0,77.0,65.0,78.0,70.0
192,Cole Palmer ,60,60,19,70.0,83.0,98.0,81.0,87.0,85.0,73.0,89.0,91.0,100.0
193,Conor Bradley ,61,61,19,83.0,50.0,80.0,75.0,75.0,83.0,81.0,73.0,85.0,90.0
194,Couhaib Driouech,62,62,28,68.0,50.0,75.0,77.0,65.0,75.0,74.0,65.0,71.0,70.0
195,Cristhian Mosquera,63,63,24,78.0,60.0,40.0,65.0,76.0,30.0,70.0,75.0,86.0,90.0
196,Crysencio Summerville,64,64,19,80.0,60.0,70.0,82.0,80.0,61.0,71.0,77.0,82.0,90.0
197,Daan Huijsen,65,65,21,87.0,80.0,90.0,82.0,66.0,88.0,72.0,60.0,77.0,70.0
198,Daniel Maldini,66,66,21,60.0,50.0,90.0,65.0,65.0,80.0,74.0,60.0,70.0,70.0
199,Abdul Issahaku Fatawu ,1,1,17,77.0,69.0,52.0,78.0,71.0,76.0,83.0,70.0,79.0,80.0
200,Adam Hložek ,2,2,18,72.0,53.0,70.0,82.0,72.0,70.0,71.0,78.0,80.0,90.0
201,Adam Wharton,3,3,19,77.0,87.0,65.0,76.0,71.0,85.0,77.0,71.0,82.0,90.0
202,Adrion Pajaziti,4,4,19,88.0,53.0,90.0,70.0,55.0,82.0,79.0,56.0,68.0,70.0
203,Agustín Ruberto ,5,5,20,62.0,56.0,85.0,55.0,62.0,39.0,40.0,57.0,60.0,50.0
204,Alan Matturro,6,6,21,83.0,88.0,60.0,67.0,60.0,70.0,70.0,55.0,71.0,70.0
205,Alan Minda,7,7,22,50.0,30.0,70.0,81.0,72.0,60.0,65.0,70.0,80.0,80.0
206,Alan Varela,8,8,23,81.0,61.0,45.0,75.0,80.0,56.0,70.0,80.0,85.0,90.0
207,Alberto Moleiro,9,9,24,70.0,30.0,50.0,70.0,71.0,60.0,65.0,71.0,80.0,90.0
208,Alejandro Garnacho,10,10,19,65.0,40.0,75.0,72.0,81.0,80.0,80.0,81.0,94.0,100.0
209,Alemão João Victor,11,11,23,84.0,68.0,90.0,65.0,65.0,55.0,75.0,57.0,70.0,70.0
210,Alex Baena,12,12,24,74.0,31.0,80.0,83.0,81.0,76.0,55.0,81.0,86.0,100.0
211,Álex Jiménez,13,13,21,71.0,47.0,65.0,76.0,55.0,60.0,71.0,50.0,70.0,60.0
212,Alex Scott ,14,14,19,82.0,45.0,60.0,70.0,73.0,66.0,68.0,70.0,80.0,90.0
213,Anatoliy Trubin ,15,15,23,99.0,100.0,95.0,71.0,80.0,66.0,70.0,80.0,88.0,90.0
214,Andreas Schjelderup,16,16,25,76.0,30.0,90.0,83.0,75.0,77.0,70.0,75.0,85.0,90.0
215,Andrés Gómez  ,17,17,26,72.0,30.0,75.0,65.0,70.0,70.0,67.0,70.0,78.0,80.0
216,Andrey Santos,18,18,27,90.0,72.0,90.0,57.0,70.0,76.0,74.0,66.0,80.0,80.0
217,Ângelo Gabriel,19,19,27,60.0,30.0,60.0,73.0,70.0,66.0,70.0,68.0,81.0,80.0
218,Anselmo Garcia McNulty,20,20,28,94.0,85.0,50.0,73.0,67.0,60.0,83.0,65.0,75.0,70.0
219,Anthony Elanga,21,21,19,67.0,64.0,80.0,71.0,77.0,76.0,83.0,76.0,82.0,90.0
220,Anthony Gordon,22,22,19,69.0,42.0,75.0,72.0,85.0,77.0,74.0,86.0,90.0,100.0
221,Antoni Milambo,23,23,28,76.0,43.0,85.0,70.0,60.0,76.0,70.0,55.0,70.0,70.0
222,Antonio Nusa,24,24,22,54.0,30.0,65.0,71.0,72.0,75.0,80.0,70.0,83.0,80.0
223,Aral Simsir,25,25,25,76.0,43.0,90.0,86.0,73.0,93.0,71.0,70.0,77.0,80.0
224,Archie Brown,26,26,22,88.0,80.0,80.0,73.0,75.0,80.0,75.0,72.0,81.0,90.0
225,Archie Gray,27,27,17,81.0,71.0,45.0,60.0,74.0,50.0,82.0,74.0,91.0,60.0
226,Armindo Sieb ,28,28,29,72.0,40.0,80.0,65.0,71.0,78.0,66.0,70.0,78.0,80.0
227,Arouna Sangante,29,29,27,91.0,92.0,70.0,74.0,72.0,60.0,70.0,70.0,77.0,90.0
228,Arthur Vermeeren,30,30,24,91.0,85.0,70.0,74.0,75.0,57.0,81.0,73.0,84.0,90.0
229,Ashley Phillips,31,31,17,82.0,66.0,55.0,71.0,65.0,35.0,73.0,60.0,78.0,60.0
230,Ayman Kari,32,32,27,82.0,45.0,70.0,70.0,65.0,70.0,85.0,57.0,74.0,70.0
231,Ayyoub Bouadi,33,33,27,68.0,68.0,90.0,78.0,57.0,51.0,50.0,50.0,60.0,60.0
232,Arda Güler,34,34,24,60.0,53.0,95.0,95.0,70.0,94.0,73.0,60.0,75.0,70.0
233,Bart Verbruggen ,35,35,19,99.0,100.0,85.0,87.0,77.0,73.0,70.0,76.0,87.0,90.0
234,Bastien Meupiyou,36,36,27,90.0,77.0,95.0,75.0,60.0,85.0,80.0,50.0,70.0,70.0
235,Benjamin Sesko ,37,37,18,65.0,50.0,95.0,70.0,85.0,88.0,75.0,85.0,90.0,100.0
236,Benjamin Tahirovic,38,38,28,60.0,50.0,90.0,90.0,70.0,81.0,70.0,66.0,75.0,80.0
237,Bilal El Khannouss,39,39,22,80.0,40.0,65.0,85.0,75.0,65.0,70.0,75.0,80.0,90.0
238,Billy Gilmour ,40,40,19,80.0,60.0,65.0,87.0,76.0,70.0,75.0,75.0,81.0,90.0
239,Bobby Clark,41,41,19,80.0,65.0,99.0,76.0,60.0,90.0,70.0,50.0,70.0,70.0
240,Bradley Barcola,42,42,27,70.0,50.0,75.0,95.0,80.0,65.0,70.0,76.0,85.0,90.0
241,Bradley Locko,43,43,27,60.0,55.0,50.0,75.0,75.0,56.0,80.0,73.0,80.0,90.0
242,Brajan Gruda,44,44,18,66.0,50.0,90.0,80.0,75.0,90.0,77.0,70.0,80.0,80.0
243,Brandan Craig,45,45,26,92.0,83.0,60.0,77.0,55.0,50.0,70.0,50.0,65.0,60.0
244,Brian Brobbey,46,46,28,65.0,50.0,95.0,65.0,80.0,87.0,60.0,80.0,85.0,90.0
245,Brian Gutiérrez,47,47,26,70.0,60.0,70.0,75.0,70.0,65.0,65.0,70.0,80.0,90.0
246,Bukayo Saka,48,48,19,83.0,70.0,85.0,77.0,90.0,85.0,76.0,94.0,95.0,100.0
247,Cade Cowell,49,49,30,55.0,40.0,60.0,59.0,70.0,65.0,67.0,70.0,80.0,80.0
248,Can Uzun,50,50,29,80.0,76.0,90.0,70.0,70.0,86.0,65.0,65.0,80.0,70.0
249,Carlos Alcaraz ,51,51,21,56.0,30.0,85.0,65.0,70.0,70.0,71.0,70.0,77.0,80.0
250,Carlos Forbs,52,52,28,66.0,40.0,90.0,72.0,65.0,85.0,70.0,60.0,75.0,70.0
251,Castello Lukeba,53,53,18,87.0,88.0,70.0,75.0,80.0,65.0,75.0,80.0,85.0,90.0
252,Cavan Sullivan,54,54,26,50.0,50.0,70.0,70.0,80.0,70.0,70.0,50.0,50.0,50.0
253,Chaka Traorè,55,55,21,71.0,95.0,90.0,75.0,60.0,90.0,66.0,50.0,68.0,60.0
254,Charles de Ketelaere ,56,56,21,67.0,90.0,70.0,76.0,80.0,72.0,80.0,80.0,84.0,90.0
255,Chido Obi,57,57,31,75.0,81.0,95.0,80.0,50.0,95.0,60.0,40.0,60.0,50.0
256,Christos Tzolis,58,58,29,70.0,50.0,75.0,87.0,80.0,72.0,70.0,77.0,85.0,90.0
257,Claudio Echeverri ,59,59,32,68.0,50.0,99.0,80.0,70.0,91.0,77.0,65.0,78.0,70.0
258,Cole Palmer ,60,60,19,70.0,83.0,98.0,81.0,87.0,85.0,73.0,89.0,91.0,100.0
259,Conor Bradley ,61,61,19,83.0,50.0,80.0,75.0,75.0,83.0,81.0,73.0,85.0,90.0
260,Couhaib Driouech,62,62,28,68.0,50.0,75.0,77.0,65.0,75.0,74.0,65.0,71.0,70.0
261,Cristhian Mosquera,63,63,24,78.0,60.0,40.0,65.0,76.0,30.0,70.0,75.0,86.0,90.0
262,Crysencio Summerville,64,64,19,80.0,60.0,70.0,82.0,80.0,61.0,71.0,77.0,82.0,90.0
263,Daan Huijsen,65,65,21,87.0,80.0,90.0,82.0,66.0,88.0,72.0,60.0,77.0,70.0
264,Daniel Maldini,66,66,21,60.0,50.0,90.0,65.0,65.0,80.0,74.0,60.0,70.0,70.0
265,Abdul Issahaku Fatawu ,1,1,17,77.0,69.0,52.0,78.0,71.0,76.0,83.0,70.0,79.0,80.0
266,Adam Hložek ,2,2,18,72.0,53.0,70.0,82.0,72.0,70.0,71.0,78.0,80.0,90.0
267,Adam Wharton,3,3,19,77.0,87.0,65.0,76.0,71.0,85.0,77.0,71.0,82.0,90.0
268,Adrion Pajaziti,4,4,19,88.0,53.0,90.0,70.0,55.0,82.0,79.0,56.0,68.0,70.0
269,Agustín Ruberto ,5,5,20,62.0,56.0,85.0,55.0,62.0,39.0,40.0,57.0,60.0,50.0
270,Alan Matturro,6,6,21,83.0,88.0,60.0,67.0,60.0,70.0,70.0,55.0,71.0,70.0
271,Alan Minda,7,7,22,50.0,30.0,70.0,81.0,72.0,60.0,65.0,70.0,80.0,80.0
272,Alan Varela,8,8,23,81.0,61.0,45.0,75.0,80.0,56.0,70.0,80.0,85.0,90.0
273,Alberto Moleiro,9,9,24,70.0,30.0,50.0,70.0,71.0,60.0,65.0,71.0,80.0,90.0
274,Alejandro Garnacho,10,10,19,65.0,40.0,75.0,72.0,81.0,80.0,80.0,81.0,94.0,100.0
275,Alemão João Victor,11,11,23,84.0,68.0,90.0,65.0,65.0,55.0,75.0,57.0,70.0,70.0
276,Alex Baena,12,12,24,74.0,31.0,80.0,83.0,81.0,76.0,55.0,81.0,86.0,100.0
277,Álex Jiménez,13,13,21,71.0,47.0,65.0,76.0,55.0,60.0,71.0,50.0,70.0,60.0
278,Alex Scott ,14,14,19,82.0,45.0,60.0,70.0,73.0,66.0,68.0,70.0,80.0,90.0
279,Anatoliy Trubin ,15,15,23,99.0,100.0,95.0,71.0,80.0,66.0,70.0,80.0,88.0,90.0
280,Andreas Schjelderup,16,16,25,76.0,30.0,90.0,83.0,75.0,77.0,70.0,75.0,85.0,90.0
281,Andrés Gómez  ,17,17,26,72.0,30.0,75.0,65.0,70.0,70.0,67.0,70.0,78.0,80.0
282,Andrey Santos,18,18,27,90.0,72.0,90.0,57.0,70.0,76.0,74.0,66.0,80.0,80.0
283,Ângelo Gabriel,19,19,27,60.0,30.0,60.0,73.0,70.0,66.0,70.0,68.0,81.0,80.0
284,Anselmo Garcia McNulty,20,20,28,94.0,85.0,50.0,73.0,67.0,60.0,83.0,65.0,75.0,70.0
285,Anthony Elanga,21,21,19,67.0,64.0,80.0,71.0,77.0,76.0,83.0,76.0,82.0,90.0
286,Anthony Gordon,22,22,19,69.0,42.0,75.0,72.0,85.0,77.0,74.0,86.0,90.0,100.0
287,Antoni Milambo,23,23,28,76.0,43.0,85.0,70.0,60.0,76.0,70.0,55.0,70.0,70.0
288,Antonio Nusa,24,24,22,54.0,30.0,65.0,71.0,72.0,75.0,80.0,70.0,83.0,80.0
289,Aral Simsir,25,25,25,76.0,43.0,90.0,86.0,73.0,93.0,71.0,70.0,77.0,80.0
290,Archie Brown,26,26,22,88.0,80.0,80.0,73.0,75.0,80.0,75.0,72.0,81.0,90.0
291,Archie Gray,27,27,17,81.0,71.0,45.0,60.0,74.0,50.0,82.0,74.0,91.0,60.0
292,Armindo Sieb ,28,28,29,72.0,40.0,80.0,65.0,71.0,78.0,66.0,70.0,78.0,80.0
293,Arouna Sangante,29,29,27,91.0,92.0,70.0,74.0,72.0,60.0,70.0,70.0,77.0,90.0
294,Arthur Vermeeren,30,30,24,91.0,85.0,70.0,74.0,75.0,57.0,81.0,73.0,84.0,90.0
295,Ashley Phillips,31,31,17,82.0,66.0,55.0,71.0,65.0,35.0,73.0,60.0,78.0,60.0
296,Ayman Kari,32,32,27,82.0,45.0,70.0,70.0,65.0,70.0,85.0,57.0,74.0,70.0
297,Ayyoub Bouadi,33,33,27,68.0,68.0,90.0,78.0,57.0,51.0,50.0,50.0,60.0,60.0
298,Arda Güler,34,34,24,60.0,53.0,95.0,95.0,70.0,94.0,73.0,60.0,75.0,70.0
299,Bart Verbruggen ,35,35,19,99.0,100.0,85.0,87.0,77.0,73.0,70.0,76.0,87.0,90.0
300,Bastien Meupiyou,36,36,27,90.0,77.0,95.0,75.0,60.0,85.0,80.0,50.0,70.0,70.0
301,Benjamin Sesko ,37,37,18,65.0,50.0,95.0,70.0,85.0,88.0,75.0,85.0,90.0,100.0
302,Benjamin Tahirovic,38,38,28,60.0,50.0,90.0,90.0,70.0,81.0,70.0,66.0,75.0,80.0
303,Bilal El Khannouss,39,39,22,80.0,40.0,65.0,85.0,75.0,65.0,70.0,75.0,80.0,90.0
304,Billy Gilmour ,40,40,19,80.0,60.0,65.0,87.0,76.0,70.0,75.0,75.0,81.0,90.0
305,Bobby Clark,41,41,19,80.0,65.0,99.0,76.0,60.0,90.0,70.0,50.0,70.0,70.0
306,Bradley Barcola,42,42,27,70.0,50.0,75.0,95.0,80.0,65.0,70.0,76.0,85.0,90.0
307,Bradley Locko,43,43,27,60.0,55.0,50.0,75.0,75.0,56.0,80.0,73.0,80.0,90.0
308,Brajan Gruda,44,44,18,66.0,50.0,90.0,80.0,75.0,90.0,77.0,70.0,80.0,80.0
309,Brandan Craig,45,45,26,92.0,83.0,60.0,77.0,55.0,50.0,70.0,50.0,65.0,60.0
310,Brian Brobbey,46,46,28,65.0,50.0,95.0,65.0,80.0,87.0,60.0,80.0,85.0,90.0
311,Brian Gutiérrez,47,47,26,70.0,60.0,70.0,75.0,70.0,65.0,65.0,70.0,80.0,90.0
312,Bukayo Saka,48,48,19,83.0,70.0,85.0,77.0,90.0,85.0,76.0,94.0,95.0,100.0
313,Cade Cowell,49,49,30,55.0,40.0,60.0,59.0,70.0,65.0,67.0,70.0,80.0,80.0
314,Can Uzun,50,50,29,80.0,76.0,90.0,70.0,70.0,86.0,65.0,65.0,80.0,70.0
315,Carlos Alcaraz ,51,51,21,56.0,30.0,85.0,65.0,70.0,70.0,71.0,70.0,77.0,80.0
316,Carlos Forbs,52,52,28,66.0,40.0,90.0,72.0,65.0,85.0,70.0,60.0,75.0,70.0
317,Castello Lukeba,53,53,18,87.0,88.0,70.0,75.0,80.0,65.0,75.0,80.0,85.0,90.0
318,Cavan Sullivan,54,54,26,50.0,50.0,70.0,70.0,80.0,70.0,70.0,50.0,50.0,50.0
319,Chaka Traorè,55,55,21,71.0,95.0,90.0,75.0,60.0,90.0,66.0,50.0,68.0,60.0
320,Charles de Ketelaere ,56,56,21,67.0,90.0,70.0,76.0,80.0,72.0,80.0,80.0,84.0,90.0
321,Chido Obi,57,57,31,75.0,81.0,95.0,80.0,50.0,95.0,60.0,40.0,60.0,50.0
322,Christos Tzolis,58,58,29,70.0,50.0,75.0,87.0,80.0,72.0,70.0,77.0,85.0,90.0
323,Claudio Echeverri ,59,59,32,68.0,50.0,99.0,80.0,70.0,91.0,77.0,65.0,78.0,70.0
324,Cole Palmer ,60,60,19,70.0,83.0,98.0,81.0,87.0,85.0,73.0,89.0,91.0,100.0
325,Conor Bradley ,61,61,19,83.0,50.0,80.0,75.0,75.0,83.0,81.0,73.0,85.0,90.0
326,Couhaib Driouech,62,62,28,68.0,50.0,75.0,77.0,65.0,75.0,74.0,65.0,71.0,70.0
327,Cristhian Mosquera,63,63,24,78.0,60.0,40.0,65.0,76.0,30.0,70.0,75.0,86.0,90.0
328,Crysencio Summerville,64,64,19,80.0,60.0,70.0,82.0,80.0,61.0,71.0,77.0,82.0,90.0
329,Daan Huijsen,65,65,21,87.0,80.0,90.0,82.0,66.0,88.0,72.0,60.0,77.0,70.0
330,Daniel Maldini,66,66,21,60.0,50.0,90.0,65.0,65.0,80.0,74.0,60.0,70.0,70.0
331,Abdul Issahaku Fatawu ,1,1,17,77.0,69.0,52.0,78.0,71.0,76.0,83.0,70.0,79.0,80.0
332,Adam Hložek ,2,2,18,72.0,53.0,70.0,82.0,72.0,70.0,71.0,78.0,80.0,90.0
333,Adam Wharton,3,3,19,77.0,87.0,65.0,76.0,71.0,85.0,77.0,71.0,82.0,90.0
334,Adrion Pajaziti,4,4,19,88.0,53.0,90.0,70.0,55.0,82.0,79.0,56.0,68.0,70.0
335,Agustín Ruberto ,5,5,20,62.0,56.0,85.0,55.0,62.0,39.0,40.0,57.0,60.0,50.0
336,Alan Matturro,6,6,21,83.0,88.0,60.0,67.0,60.0,70.0,70.0,55.0,71.0,70.0
337,Alan Minda,7,7,22,50.0,30.0,70.0,81.0,72.0,60.0,65.0,70.0,80.0,80.0
338,Alan Varela,8,8,23,81.0,61.0,45.0,75.0,80.0,56.0,70.0,80.0,85.0,90.0
339,Alberto Moleiro,9,9,24,70.0,30.0,50.0,70.0,71.0,60.0,65.0,71.0,80.0,90.0
340,Alejandro Garnacho,10,10,19,65.0,40.0,75.0,72.0,81.0,80.0,80.0,81.0,94.0,100.0
341,Alemão João Victor,11,11,23,84.0,68.0,90.0,65.0,65.0,55.0,75.0,57.0,70.0,70.0
342,Alex Baena,12,12,24,74.0,31.0,80.0,83.0,81.0,76.0,55.0,81.0,86.0,100.0
343,Álex Jiménez,13,13,21,71.0,47.0,65.0,76.0,55.0,60.0,71.0,50.0,70.0,60.0
344,Alex Scott ,14,14,19,82.0,45.0,60.0,70.0,73.0,66.0,68.0,70.0,80.0,90.0
345,Anatoliy Trubin ,15,15,23,99.0,100.0,95.0,71.0,80.0,66.0,70.0,80.0,88.0,90.0
346,Andreas Schjelderup,16,16,25,76.0,30.0,90.0,83.0,75.0,77.0,70.0,75.0,85.0,90.0
347,Andrés Gómez  ,17,17,26,72.0,30.0,75.0,65.0,70.0,70.0,67.0,70.0,78.0,80.0
348,Andrey Santos,18,18,27,90.0,72.0,90.0,57.0,70.0,76.0,74.0,66.0,80.0,80.0
349,Ângelo Gabriel,19,19,27,60.0,30.0,60.0,73.0,70.0,66.0,70.0,68.0,81.0,80.0
350,Anselmo Garcia McNulty,20,20,28,94.0,85.0,50.0,73.0,67.0,60.0,83.0,65.0,75.0,70.0
351,Anthony Elanga,21,21,19,67.0,64.0,80.0,71.0,77.0,76.0,83.0,76.0,82.0,90.0
352,Anthony Gordon,22,22,19,69.0,42.0,75.0,72.0,85.0,77.0,74.0,86.0,90.0,100.0
353,Antoni Milambo,23,23,28,76.0,43.0,85.0,70.0,60.0,76.0,70.0,55.0,70.0,70.0
354,Antonio Nusa,24,24,22,54.0,30.0,65.0,71.0,72.0,75.0,80.0,70.0,83.0,80.0
355,Aral Simsir,25,25,25,76.0,43.0,90.0,86.0,73.0,93.0,71.0,70.0,77.0,80.0
356,Archie Brown,26,26,22,88.0,80.0,80.0,73.0,75.0,80.0,75.0,72.0,81.0,90.0
357,Archie Gray,27,27,17,81.0,71.0,45.0,60.0,74.0,50.0,82.0,74.0,91.0,60.0
358,Armindo Sieb ,28,28,29,72.0,40.0,80.0,65.0,71.0,78.0,66.0,70.0,78.0,80.0
359,Arouna Sangante,29,29,27,91.0,92.0,70.0,74.0,72.0,60.0,70.0,70.0,77.0,90.0
360,Arthur Vermeeren,30,30,24,91.0,85.0,70.0,74.0,75.0,57.0,81.0,73.0,84.0,90.0
361,Ashley Phillips,31,31,17,82.0,66.0,55.0,71.0,65.0,35.0,73.0,60.0,78.0,60.0
362,Ayman Kari,32,32,27,82.0,45.0,70.0,70.0,65.0,70.0,85.0,57.0,74.0,70.0
363,Ayyoub Bouadi,33,33,27,68.0,68.0,90.0,78.0,57.0,51.0,50.0,50.0,60.0,60.0
364,Arda Güler,34,34,24,60.0,53.0,95.0,95.0,70.0,94.0,73.0,60.0,75.0,70.0
365,Bart Verbruggen ,35,35,19,99.0,100.0,85.0,87.0,77.0,73.0,70.0,76.0,87.0,90.0
366,Bastien Meupiyou,36,36,27,90.0,77.0,95.0,75.0,60.0,85.0,80.0,50.0,70.0,70.0
367,Benjamin Sesko ,37,37,18,65.0,50.0,95.0,70.0,85.0,88.0,75.0,85.0,90.0,100.0
368,Benjamin Tahirovic,38,38,28,60.0,50.0,90.0,90.0,70.0,81.0,70.0,66.0,75.0,80.0
369,Bilal El Khannouss,39,39,22,80.0,40.0,65.0,85.0,75.0,65.0,70.0,75.0,80.0,90.0
370,Billy Gilmour ,40,40,19,80.0,60.0,65.0,87.0,76.0,70.0,75.0,75.0,81.0,90.0
371,Bobby Clark,41,41,19,80.0,65.0,99.0,76.0,60.0,90.0,70.0,50.0,70.0,70.0
372,Bradley Barcola,42,42,27,70.0,50.0,75.0,95.0,80.0,65.0,70.0,76.0,85.0,90.0
373,Bradley Locko,43,43,27,60.0,55.0,50.0,75.0,75.0,56.0,80.0,73.0,80.0,90.0
374,Brajan Gruda,44,44,18,66.0,50.0,90.0,80.0,75.0,90.0,77.0,70.0,80.0,80.0
375,Brandan Craig,45,45,26,92.0,83.0,60.0,77.0,55.0,50.0,70.0,50.0,65.0,60.0
376,Brian Brobbey,46,46,28,65.0,50.0,95.0,65.0,80.0,87.0,60.0,80.0,85.0,90.0
377,Brian Gutiérrez,47,47,26,70.0,60.0,70.0,75.0,70.0,65.0,65.0,70.0,80.0,90.0
378,Bukayo Saka,48,48,19,83.0,70.0,85.0,77.0,90.0,85.0,76.0,94.0,95.0,100.0
379,Cade Cowell,49,49,30,55.0,40.0,60.0,59.0,70.0,65.0,67.0,70.0,80.0,80.0
380,Can Uzun,50,50,29,80.0,76.0,90.0,70.0,70.0,86.0,65.0,65.0,80.0,70.0
381,Carlos Alcaraz ,51,51,21,56.0,30.0,85.0,65.0,70.0,70.0,71.0,70.0,77.0,80.0
382,Carlos Forbs,52,52,28,66.0,40.0,90.0,72.0,65.0,85.0,70.0,60.0,75.0,70.0
383,Castello Lukeba,53,53,18,87.0,88.0,70.0,75.0,80.0,65.0,75.0,80.0,85.0,90.0
384,Cavan Sullivan,54,54,26,50.0,50.0,70.0,70.0,80.0,70.0,70.0,50.0,50.0,50.0
385,Chaka Traorè,55,55,21,71.0,95.0,90.0,75.0,60.0,90.0,66.0,50.0,68.0,60.0
386,Charles de Ketelaere ,56,56,21,67.0,90.0,70.0,76.0,80.0,72.0,80.0,80.0,84.0,90.0
387,Chido Obi,57,57,31,75.0,81.0,95.0,80.0,50.0,95.0,60.0,40.0,60.0,50.0
388,Christos Tzolis,58,58,29,70.0,50.0,75.0,87.0,80.0,72.0,70.0,77.0,85.0,90.0
389,Claudio Echeverri ,59,59,32,68.0,50.0,99.0,80.0,70.0,91.0,77.0,65.0,78.0,70.0
390,Cole Palmer ,60,60,19,70.0,83.0,98.0,81.0,87.0,85.0,73.0,89.0,91.0,100.0
391,Conor Bradley ,61,61,19,83.0,50.0,80.0,75.0,75.0,83.0,81.0,73.0,85.0,90.0
392,Couhaib Driouech,62,62,28,68.0,50.0,75.0,77.0,65.0,75.0,74.0,65.0,71.0,70.0
393,Cristhian Mosquera,63,63,24,78.0,60.0,40.0,65.0,76.0,30.0,70.0,75.0,86.0,90.0
394,Crysencio Summerville,64,64,19,80.0,60.0,70.0,82.0,80.0,61.0,71.0,77.0,82.0,90.0
395,Daan Huijsen,65,65,21,87.0,80.0,90.0,82.0,66.0,88.0,72.0,60.0,77.0,70.0
396,Daniel Maldini,66,66,21,60.0,50.0,90.0,65.0,65.0,80.0,74.0,60.0,70.0,70.0
397,Abdul Issahaku Fatawu ,1,1,17,77.0,69.0,52.0,78.0,71.0,76.0,83.0,70.0,79.0,80.0
398,Adam Hložek ,2,2,18,72.0,53.0,70.0,82.0,72.0,70.0,71.0,78.0,80.0,90.0
399,Adam Wharton,3,3,19,77.0,87.0,65.0,76.0,71.0,85.0,77.0,71.0,82.0,90.0
400,Adrion Pajaziti,4,4,19,88.0,53.0,90.0,70.0,55.0,82.0,79.0,56.0,68.0,70.0
401,Agustín Ruberto ,5,5,20,62.0,56.0,85.0,55.0,62.0,39.0,40.0,57.0,60.0,50.0
402,Alan Matturro,6,6,21,83.0,88.0,60.0,67.0,60.0,70.0,70.0,55.0,71.0,70.0
403,Alan Minda,7,7,22,50.0,30.0,70.0,81.0,72.0,60.0,65.0,70.0,80.0,80.0
404,Alan Varela,8,8,23,81.0,61.0,45.0,75.0,80.0,56.0,70.0,80.0,85.0,90.0
405,Alberto Moleiro,9,9,24,70.0,30.0,50.0,70.0,71.0,60.0,65.0,71.0,80.0,90.0
406,Alejandro Garnacho,10,10,19,65.0,40.0,75.0,72.0,81.0,80.0,80.0,81.0,94.0,100.0
407,Alemão João Victor,11,11,23,84.0,68.0,90.0,65.0,65.0,55.0,75.0,57.0,70.0,70.0
408,Alex Baena,12,12,24,74.0,31.0,80.0,83.0,81.0,76.0,55.0,81.0,86.0,100.0
409,Álex Jiménez,13,13,21,71.0,47.0,65.0,76.0,55.0,60.0,71.0,50.0,70.0,60.0
410,Alex Scott ,14,14,19,82.0,45.0,60.0,70.0,73.0,66.0,68.0,70.0,80.0,90.0
411,Anatoliy Trubin ,15,15,23,99.0,100.0,95.0,71.0,80.0,66.0,70.0,80.0,88.0,90.0
412,Andreas Schjelderup,16,16,25,76.0,30.0,90.0,83.0,75.0,77.0,70.0,75.0,85.0,90.0
413,Andrés Gómez  ,17,17,26,72.0,30.0,75.0,65.0,70.0,70.0,67.0,70.0,78.0,80.0
414,Andrey Santos,18,18,27,90.0,72.0,90.0,57.0,70.0,76.0,74.0,66.0,80.0,80.0
415,Ângelo Gabriel,19,19,27,60.0,30.0,60.0,73.0,70.0,66.0,70.0,68.0,81.0,80.0
416,Anselmo Garcia McNulty,20,20,28,94.0,85.0,50.0,73.0,67.0,60.0,83.0,65.0,75.0,70.0
417,Anthony Elanga,21,21,19,67.0,64.0,80.0,71.0,77.0,76.0,83.0,76.0,82.0,90.0
418,Anthony Gordon,22,22,19,69.0,42.0,75.0,72.0,85.0,77.0,74.0,86.0,90.0,100.0
419,Antoni Milambo,23,23,28,76.0,43.0,85.0,70.0,60.0,76.0,70.0,55.0,70.0,70.0
420,Antonio Nusa,24,24,22,54.0,30.0,65.0,71.0,72.0,75.0,80.0,70.0,83.0,80.0
421,Aral Simsir,25,25,25,76.0,43.0,90.0,86.0,73.0,93.0,71.0,70.0,77.0,80.0
422,Archie Brown,26,26,22,88.0,80.0,80.0,73.0,75.0,80.0,75.0,72.0,81.0,90.0
423,Archie Gray,27,27,17,81.0,71.0,45.0,60.0,74.0,50.0,82.0,74.0,91.0,60.0
424,Armindo Sieb ,28,28,29,72.0,40.0,80.0,65.0,71.0,78.0,66.0,70.0,78.0,80.0
425,Arouna Sangante,29,29,27,91.0,92.0,70.0,74.0,72.0,60.0,70.0,70.0,77.0,90.0
426,Arthur Vermeeren,30,30,24,91.0,85.0,70.0,74.0,75.0,57.0,81.0,73.0,84.0,90.0
427,Ashley Phillips,31,31,17,82.0,66.0,55.0,71.0,65.0,35.0,73.0,60.0,78.0,60.0
428,Ayman Kari,32,32,27,82.0,45.0,70.0,70.0,65.0,70.0,85.0,57.0,74.0,70.0
429,Ayyoub Bouadi,33,33,27,68.0,68.0,90.0,78.0,57.0,51.0,50.0,50.0,60.0,60.0
430,Arda Güler,34,34,24,60.0,53.0,95.0,95.0,70.0,94.0,73.0,60.0,75.0,70.0
431,Bart Verbruggen ,35,35,19,99.0,100.0,85.0,87.0,77.0,73.0,70.0,76.0,87.0,90.0
432,Bastien Meupiyou,36,36,27,90.0,77.0,95.0,75.0,60.0,85.0,80.0,50.0,70.0,70.0
433,Benjamin Sesko ,37,37,18,65.0,50.0,95.0,70.0,85.0,88.0,75.0,85.0,90.0,100.0
434,Benjamin Tahirovic,38,38,28,60.0,50.0,90.0,90.0,70.0,81.0,70.0,66.0,75.0,80.0
435,Bilal El Khannouss,39,39,22,80.0,40.0,65.0,85.0,75.0,65.0,70.0,75.0,80.0,90.0
436,Billy Gilmour ,40,40,19,80.0,60.0,65.0,87.0,76.0,70.0,75.0,75.0,81.0,90.0
437,Bobby Clark,41,41,19,80.0,65.0,99.0,76.0,60.0,90.0,70.0,50.0,70.0,70.0
438,Bradley Barcola,42,42,27,70.0,50.0,75.0,95.0,80.0,65.0,70.0,76.0,85.0,90.0
439,Bradley Locko,43,43,27,60.0,55.0,50.0,75.0,75.0,56.0,80.0,73.0,80.0,90.0
440,Brajan Gruda,44,44,18,66.0,50.0,90.0,80.0,75.0,90.0,77.0,70.0,80.0,80.0
441,Brandan Craig,45,45,26,92.0,83.0,60.0,77.0,55.0,50.0,70.0,50.0,65.0,60.0
442,Brian Brobbey,46,46,28,65.0,50.0,95.0,65.0,80.0,87.0,60.0,80.0,85.0,90.0
443,Brian Gutiérrez,47,47,26,70.0,60.0,70.0,75.0,70.0,65.0,65.0,70.0,80.0,90.0
444,Bukayo Saka,48,48,19,83.0,70.0,85.0,77.0,90.0,85.0,76.0,94.0,95.0,100.0
445,Cade Cowell,49,49,30,55.0,40.0,60.0,59.0,70.0,65.0,67.0,70.0,80.0,80.0
446,Can Uzun,50,50,29,80.0,76.0,90.0,70.0,70.0,86.0,65.0,65.0,80.0,70.0
447,Carlos Alcaraz ,51,51,21,56.0,30.0,85.0,65.0,70.0,70.0,71.0,70.0,77.0,80.0
448,Carlos Forbs,52,52,28,66.0,40.0,90.0,72.0,65.0,85.0,70.0,60.0,75.0,70.0
449,Castello Lukeba,53,53,18,87.0,88.0,70.0,75.0,80.0,65.0,75.0,80.0,85.0,90.0
450,Cavan Sullivan,54,54,26,50.0,50.0,70.0,70.0,80.0,70.0,70.0,50.0,50.0,50.0
451,Chaka Traorè,55,55,21,71.0,95.0,90.0,75.0,60.0,90.0,66.0,50.0,68.0,60.0
452,Charles de Ketelaere ,56,56,21,67.0,90.0,70.0,76.0,80.0,72.0,80.0,80.0,84.0,90.0
453,Chido Obi,57,57,31,75.0,81.0,95.0,80.0,50.0,95.0,60.0,40.0,60.0,50.0
454,Christos Tzolis,58,58,29,70.0,50.0,75.0,87.0,80.0,72.0,70.0,77.0,85.0,90.0
455,Claudio Echeverri ,59,59,32,68.0,50.0,99.0,80.0,70.0,91.0,77.0,65.0,78.0,70.0
456,Cole Palmer ,60,60,19,70.0,83.0,98.0,81.0,87.0,85.0,73.0,89.0,91.0,100.0
457,Conor Bradley ,61,61,19,83.0,50.0,80.0,75.0,75.0,83.0,81.0,73.0,85.0,90.0
458,Couhaib Driouech,62,62,28,68.0,50.0,75.0,77.0,65.0,75.0,74.0,65.0,71.0,70.0
459,Cristhian Mosquera,63,63,24,78.0,60.0,40.0,65.0,76.0,30.0,70.0,75.0,86.0,90.0
460,Crysencio Summerville,64,64,19,80.0,60.0,70.0,82.0,80.0,61.0,71.0,77.0,82.0,90.0
461,Daan Huijsen,65,65,21,87.0,80.0,90.0,82.0,66.0,88.0,72.0,60.0,77.0,70.0
462,Daniel Maldini,66,66,21,60.0,50.0,90.0,65.0,65.0,80.0,74.0,60.0,70.0,70.0
463,Abdul Issahaku Fatawu ,1,1,17,77.0,69.0,52.0,78.0,71.0,76.0,83.0,70.0,79.0,80.0
464,Adam Hložek ,2,2,18,72.0,53.0,70.0,82.0,72.0,70.0,71.0,78.0,80.0,90.0
465,Adam Wharton,3,3,19,77.0,87.0,65.0,76.0,71.0,85.0,77.0,71.0,82.0,90.0
466,Adrion Pajaziti,4,4,19,88.0,53.0,90.0,70.0,55.0,82.0,79.0,56.0,68.0,70.0
467,Agustín Ruberto ,5,5,20,62.0,56.0,85.0,55.0,62.0,39.0,40.0,57.0,60.0,50.0
468,Alan Matturro,6,6,21,83.0,88.0,60.0,67.0,60.0,70.0,70.0,55.0,71.0,70.0
469,Alan Minda,7,7,22,50.0,30.0,70.0,81.0,72.0,60.0,65.0,70.0,80.0,80.0
470,Alan Varela,8,8,23,81.0,61.0,45.0,75.0,80.0,56.0,70.0,80.0,85.0,90.0
471,Alberto Moleiro,9,9,24,70.0,30.0,50.0,70.0,71.0,60.0,65.0,71.0,80.0,90.0
472,Alejandro Garnacho,10,10,19,65.0,40.0,75.0,72.0,81.0,80.0,80.0,81.0,94.0,100.0
473,Alemão João Victor,11,11,23,84.0,68.0,90.0,65.0,65.0,55.0,75.0,57.0,70.0,70.0
474,Alex Baena,12,12,24,74.0,31.0,80.0,83.0,81.0,76.0,55.0,81.0,86.0,100.0
475,Álex Jiménez,13,13,21,71.0,47.0,65.0,76.0,55.0,60.0,71.0,50.0,70.0,60.0
476,Alex Scott ,14,14,19,82.0,45.0,60.0,70.0,73.0,66.0,68.0,70.0,80.0,90.0
477,Anatoliy Trubin ,15,15,23,99.0,100.0,95.0,71.0,80.0,66.0,70.0,80.0,88.0,90.0
478,Andreas Schjelderup,16,16,25,76.0,30.0,90.0,83.0,75.0,77.0,70.0,75.0,85.0,90.0
479,Andrés Gómez  ,17,17,26,72.0,30.0,75.0,65.0,70.0,70.0,67.0,70.0,78.0,80.0
480,Andrey Santos,18,18,27,90.0,72.0,90.0,57.0,70.0,76.0,74.0,66.0,80.0,80.0
481,Ângelo Gabriel,19,19,27,60.0,30.0,60.0,73.0,70.0,66.0,70.0,68.0,81.0,80.0
482,Anselmo Garcia McNulty,20,20,28,94.0,85.0,50.0,73.0,67.0,60.0,83.0,65.0,75.0,70.0
483,Anthony Elanga,21,21,19,67.0,64.0,80.0,71.0,77.0,76.0,83.0,76.0,82.0,90.0
484,Anthony Gordon,22,22,19,69.0,42.0,75.0,72.0,85.0,77.0,74.0,86.0,90.0,100.0
485,Antoni Milambo,23,23,28,76.0,43.0,85.0,70.0,60.0,76.0,70.0,55.0,70.0,70.0
486,Antonio Nusa,24,24,22,54.0,30.0,65.0,71.0,72.0,75.0,80.0,70.0,83.0,80.0
487,Aral Simsir,25,25,25,76.0,43.0,90.0,86.0,73.0,93.0,71.0,70.0,77.0,80.0
488,Archie Brown,26,26,22,88.0,80.0,80.0,73.0,75.0,80.0,75.0,72.0,81.0,90.0
489,Archie Gray,27,27,17,81.0,71.0,45.0,60.0,74.0,50.0,82.0,74.0,91.0,60.0
490,Armindo Sieb ,28,28,29,72.0,40.0,80.0,65.0,71.0,78.0,66.0,70.0,78.0,80.0
491,Arouna Sangante,29,29,27,91.0,92.0,70.0,74.0,72.0,60.0,70.0,70.0,77.0,90.0
492,Arthur Vermeeren,30,30,24,91.0,85.0,70.0,74.0,75.0,57.0,81.0,73.0,84.0,90.0
493,Ashley Phillips,31,31,17,82.0,66.0,55.0,71.0,65.0,35.0,73.0,60.0,78.0,60.0
494,Ayman Kari,32,32,27,82.0,45.0,70.0,70.0,65.0,70.0,85.0,57.0,74.0,70.0
495,Ayyoub Bouadi,33,33,27,68.0,68.0,90.0,78.0,57.0,51.0,50.0,50.0,60.0,60.0
496,Arda Güler,34,34,24,60.0,53.0,95.0,95.0,70.0,94.0,73.0,60.0,75.0,70.0
497,Bart Verbruggen ,35,35,19,99.0,100.0,85.0,87.0,77.0,73.0,70.0,76.0,87.0,90.0
498,Bastien Meupiyou,36,36,27,90.0,77.0,95.0,75.0,60.0,85.0,80.0,50.0,70.0,70.0
499,Benjamin Sesko ,37,37,18,65.0,50.0,95.0,70.0,85.0,88.0,75.0,85.0,90.0,100.0
500,Benjamin Tahirovic,38,38,28,60.0,50.0,90.0,90.0,70.0,81.0,70.0,66.0,75.0,80.0
501,Bilal El Khannouss,39,39,22,80.0,40.0,65.0,85.0,75.0,65.0,70.0,75.0,80.0,90.0
502,Billy Gilmour ,40,40,19,80.0,60.0,65.0,87.0,76.0,70.0,75.0,75.0,81.0,90.0
503,Bobby Clark,41,41,19,80.0,65.0,99.0,76.0,60.0,90.0,70.0,50.0,70.0,70.0
504,Bradley Barcola,42,42,27,70.0,50.0,75.0,95.0,80.0,65.0,70.0,76.0,85.0,90.0
505,Bradley Locko,43,43,27,60.0,55.0,50.0,75.0,75.0,56.0,80.0,73.0,80.0,90.0
506,Brajan Gruda,44,44,18,66.0,50.0,90.0,80.0,75.0,90.0,77.0,70.0,80.0,80.0
507,Brandan Craig,45,45,26,92.0,83.0,60.0,77.0,55.0,50.0,70.0,50.0,65.0,60.0
508,Brian Brobbey,46,46,28,65.0,50.0,95.0,65.0,80.0,87.0,60.0,80.0,85.0,90.0
509,Brian Gutiérrez,47,47,26,70.0,60.0,70.0,75.0,70.0,65.0,65.0,70.0,80.0,90.0
510,Bukayo Saka,48,48,19,83.0,70.0,85.0,77.0,90.0,85.0,76.0,94.0,95.0,100.0
511,Cade Cowell,49,49,30,55.0,40.0,60.0,59.0,70.0,65.0,67.0,70.0,80.0,80.0
512,Can Uzun,50,50,29,80.0,76.0,90.0,70.0,70.0,86.0,65.0,65.0,80.0,70.0
513,Carlos Alcaraz ,51,51,21,56.0,30.0,85.0,65.0,70.0,70.0,71.0,70.0,77.0,80.0
514,Carlos Forbs,52,52,28,66.0,40.0,90.0,72.0,65.0,85.0,70.0,60.0,75.0,70.0
515,Castello Lukeba,53,53,18,87.0,88.0,70.0,75.0,80.0,65.0,75.0,80.0,85.0,90.0
516,Cavan Sullivan,54,54,26,50.0,50.0,70.0,70.0,80.0,70.0,70.0,50.0,50.0,50.0
517,Chaka Traorè,55,55,21,71.0,95.0,90.0,75.0,60.0,90.0,66.0,50.0,68.0,60.0
518,Charles de Ketelaere ,56,56,21,67.0,90.0,70.0,76.0,80.0,72.0,80.0,80.0,84.0,90.0
519,Chido Obi,57,57,31,75.0,81.0,95.0,80.0,50.0,95.0,60.0,40.0,60.0,50.0
520,Christos Tzolis,58,58,29,70.0,50.0,75.0,87.0,80.0,72.0,70.0,77.0,85.0,90.0
521,Claudio Echeverri ,59,59,32,68.0,50.0,99.0,80.0,70.0,91.0,77.0,65.0,78.0,70.0
522,Cole Palmer ,60,60,19,70.0,83.0,98.0,81.0,87.0,85.0,73.0,89.0,91.0,100.0
523,Conor Bradley ,61,61,19,83.0,50.0,80.0,75.0,75.0,83.0,81.0,73.0,85.0,90.0
524,Couhaib Driouech,62,62,28,68.0,50.0,75.0,77.0,65.0,75.0,74.0,65.0,71.0,70.0
525,Cristhian Mosquera,63,63,24,78.0,60.0,40.0,65.0,76.0,30.0,70.0,75.0,86.0,90.0
526,Crysencio Summerville,64,64,19,80.0,60.0,70.0,82.0,80.0,61.0,71.0,77.0,82.0,90.0
527,Daan Huijsen,65,65,21,87.0,80.0,90.0,82.0,66.0,88.0,72.0,60.0,77.0,70.0
528,Daniel Maldini,66,66,21,60.0,50.0,90.0,65.0,65.0,80.0,74.0,60.0,70.0,70.0
529,Abdul Issahaku Fatawu ,1,1,17,77.0,69.0,52.0,78.0,71.0,76.0,83.0,70.0,79.0,80.0
530,Adam Hložek ,2,2,18,72.0,53.0,70.0,82.0,72.0,70.0,71.0,78.0,80.0,90.0
531,Adam Wharton,3,3,19,77.0,87.0,65.0,76.0,71.0,85.0,77.0,71.0,82.0,90.0
532,Adrion Pajaziti,4,4,19,88.0,53.0,90.0,70.0,55.0,82.0,79.0,56.0,68.0,70.0
533,Agustín Ruberto ,5,5,20,62.0,56.0,85.0,55.0,62.0,39.0,40.0,57.0,60.0,50.0
534,Alan Matturro,6,6,21,83.0,88.0,60.0,67.0,60.0,70.0,70.0,55.0,71.0,70.0
535,Alan Minda,7,7,22,50.0,30.0,70.0,81.0,72.0,60.0,65.0,70.0,80.0,80.0
536,Alan Varela,8,8,23,81.0,61.0,45.0,75.0,80.0,56.0,70.0,80.0,85.0,90.0
537,Alberto Moleiro,9,9,24,70.0,30.0,50.0,70.0,71.0,60.0,65.0,71.0,80.0,90.0
538,Alejandro Garnacho,10,10,19,65.0,40.0,75.0,72.0,81.0,80.0,80.0,81.0,94.0,100.0
539,Alemão João Victor,11,11,23,84.0,68.0,90.0,65.0,65.0,55.0,75.0,57.0,70.0,70.0
540,Alex Baena,12,12,24,74.0,31.0,80.0,83.0,81.0,76.0,55.0,81.0,86.0,100.0
541,Álex Jiménez,13,13,21,71.0,47.0,65.0,76.0,55.0,60.0,71.0,50.0,70.0,60.0
542,Alex Scott ,14,14,19,82.0,45.0,60.0,70.0,73.0,66.0,68.0,70.0,80.0,90.0
543,Anatoliy Trubin ,15,15,23,99.0,100.0,95.0,71.0,80.0,66.0,70.0,80.0,88.0,90.0
544,Andreas Schjelderup,16,16,25,76.0,30.0,90.0,83.0,75.0,77.0,70.0,75.0,85.0,90.0
545,Andrés Gómez  ,17,17,26,72.0,30.0,75.0,65.0,70.0,70.0,67.0,70.0,78.0,80.0
546,Andrey Santos,18,18,27,90.0,72.0,90.0,57.0,70.0,76.0,74.0,66.0,80.0,80.0
547,Ângelo Gabriel,19,19,27,60.0,30.0,60.0,73.0,70.0,66.0,70.0,68.0,81.0,80.0
548,Anselmo Garcia McNulty,20,20,28,94.0,85.0,50.0,73.0,67.0,60.0,83.0,65.0,75.0,70.0
549,Anthony Elanga,21,21,19,67.0,64.0,80.0,71.0,77.0,76.0,83.0,76.0,82.0,90.0
550,Anthony Gordon,22,22,19,69.0,42.0,75.0,72.0,85.0,77.0,74.0,86.0,90.0,100.0
551,Antoni Milambo,23,23,28,76.0,43.0,85.0,70.0,60.0,76.0,70.0,55.0,70.0,70.0
552,Antonio Nusa,24,24,22,54.0,30.0,65.0,71.0,72.0,75.0,80.0,70.0,83.0,80.0
553,Aral Simsir,25,25,25,76.0,43.0,90.0,86.0,73.0,93.0,71.0,70.0,77.0,80.0
554,Archie Brown,26,26,22,88.0,80.0,80.0,73.0,75.0,80.0,75.0,72.0,81.0,90.0
555,Archie Gray,27,27,17,81.0,71.0,45.0,60.0,74.0,50.0,82.0,74.0,91.0,60.0
556,Armindo Sieb ,28,28,29,72.0,40.0,80.0,65.0,71.0,78.0,66.0,70.0,78.0,80.0
557,Arouna Sangante,29,29,27,91.0,92.0,70.0,74.0,72.0,60.0,70.0,70.0,77.0,90.0
558,Arthur Vermeeren,30,30,24,91.0,85.0,70.0,74.0,75.0,57.0,81.0,73.0,84.0,90.0
559,Ashley Phillips,31,31,17,82.0,66.0,55.0,71.0,65.0,35.0,73.0,60.0,78.0,60.0
560,Ayman Kari,32,32,27,82.0,45.0,70.0,70.0,65.0,70.0,85.0,57.0,74.0,70.0
561,Ayyoub Bouadi,33,33,27,68.0,68.0,90.0,78.0,57.0,51.0,50.0,50.0,60.0,60.0
562,Arda Güler,34,34,24,60.0,53.0,95.0,95.0,70.0,94.0,73.0,60.0,75.0,70.0
563,Bart Verbruggen ,35,35,19,99.0,100.0,85.0,87.0,77.0,73.0,70.0,76.0,87.0,90.0
564,Bastien Meupiyou,36,36,27,90.0,77.0,95.0,75.0,60.0,85.0,80.0,50.0,70.0,70.0
565,Benjamin Sesko ,37,37,18,65.0,50.0,95.0,70.0,85.0,88.0,75.0,85.0,90.0,100.0
566,Benjamin Tahirovic,38,38,28,60.0,50.0,90.0,90.0,70.0,81.0,70.0,66.0,75.0,80.0
567,Bilal El Khannouss,39,39,22,80.0,40.0,65.0,85.0,75.0,65.0,70.0,75.0,80.0,90.0
568,Billy Gilmour ,40,40,19,80.0,60.0,65.0,87.0,76.0,70.0,75.0,75.0,81.0,90.0
569,Bobby Clark,41,41,19,80.0,65.0,99.0,76.0,60.0,90.0,70.0,50.0,70.0,70.0
570,Bradley Barcola,42,42,27,70.0,50.0,75.0,95.0,80.0,65.0,70.0,76.0,85.0,90.0
571,Bradley Locko,43,43,27,60.0,55.0,50.0,75.0,75.0,56.0,80.0,73.0,80.0,90.0
572,Brajan Gruda,44,44,18,66.0,50.0,90.0,80.0,75.0,90.0,77.0,70.0,80.0,80.0
573,Brandan Craig,45,45,26,92.0,83.0,60.0,77.0,55.0,50.0,70.0,50.0,65.0,60.0
574,Brian Brobbey,46,46,28,65.0,50.0,95.0,65.0,80.0,87.0,60.0,80.0,85.0,90.0
575,Brian Gutiérrez,47,47,26,70.0,60.0,70.0,75.0,70.0,65.0,65.0,70.0,80.0,90.0
576,Bukayo Saka,48,48,19,83.0,70.0,85.0,77.0,90.0,85.0,76.0,94.0,95.0,100.0
577,Cade Cowell,49,49,30,55.0,40.0,60.0,59.0,70.0,65.0,67.0,70.0,80.0,80.0
578,Can Uzun,50,50,29,80.0,76.0,90.0,70.0,70.0,86.0,65.0,65.0,80.0,70.0
579,Carlos Alcaraz ,51,51,21,56.0,30.0,85.0,65.0,70.0,70.0,71.0,70.0,77.0,80.0
580,Carlos Forbs,52,52,28,66.0,40.0,90.0,72.0,65.0,85.0,70.0,60.0,75.0,70.0
581,Castello Lukeba,53,53,18,87.0,88.0,70.0,75.0,80.0,65.0,75.0,80.0,85.0,90.0
582,Cavan Sullivan,54,54,26,50.0,50.0,70.0,70.0,80.0,70.0,70.0,50.0,50.0,50.0
583,Chaka Traorè,55,55,21,71.0,95.0,90.0,75.0,60.0,90.0,66.0,50.0,68.0,60.0
584,Charles de Ketelaere ,56,56,21,67.0,90.0,70.0,76.0,80.0,72.0,80.0,80.0,84.0,90.0
585,Chido Obi,57,57,31,75.0,81.0,95.0,80.0,50.0,95.0,60.0,40.0,60.0,50.0
586,Christos Tzolis,58,58,29,70.0,50.0,75.0,87.0,80.0,72.0,70.0,77.0,85.0,90.0
587,Claudio Echeverri ,59,59,32,68.0,50.0,99.0,80.0,70.0,91.0,77.0,65.0,78.0,70.0
588,Cole Palmer ,60,60,19,70.0,83.0,98.0,81.0,87.0,85.0,73.0,89.0,91.0,100.0
589,Conor Bradley ,61,61,19,83.0,50.0,80.0,75.0,75.0,83.0,81.0,73.0,85.0,90.0
590,Couhaib Driouech,62,62,28,68.0,50.0,75.0,77.0,65.0,75.0,74.0,65.0,71.0,70.0
591,Cristhian Mosquera,63,63,24,78.0,60.0,40.0,65.0,76.0,30.0,70.0,75.0,86.0,90.0
592,Crysencio Summerville,64,64,19,80.0,60.0,70.0,82.0,80.0,61.0,71.0,77.0,82.0,90.0
593,Daan Huijsen,65,65,21,87.0,80.0,90.0,82.0,66.0,88.0,72.0,60.0,77.0,70.0
594,Daniel Maldini,66,66,21,60.0,50.0,90.0,65.0,65.0,80.0,74.0,60.0,70.0,70.0
595,Abdul Issahaku Fatawu ,1,1,17,77.0,69.0,52.0,78.0,71.0,76.0,83.0,70.0,79.0,80.0
596,Adam Hložek ,2,2,18,72.0,53.0,70.0,82.0,72.0,70.0,71.0,78.0,80.0,90.0
597,Adam Wharton,3,3,19,77.0,87.0,65.0,76.0,71.0,85.0,77.0,71.0,82.0,90.0
598,Adrion Pajaziti,4,4,19,88.0,53.0,90.0,70.0,55.0,82.0,79.0,56.0,68.0,70.0
599,Agustín Ruberto ,5,5,20,62.0,56.0,85.0,55.0,62.0,39.0,40.0,57.0,60.0,50.0
600,Alan Matturro,6,6,21,83.0,88.0,60.0,67.0,60.0,70.0,70.0,55.0,71.0,70.0
601,Alan Minda,7,7,22,50.0,30.0,70.0,81.0,72.0,60.0,65.0,70.0,80.0,80.0
602,Alan Varela,8,8,23,81.0,61.0,45.0,75.0,80.0,56.0,70.0,80.0,85.0,90.0
603,Alberto Moleiro,9,9,24,70.0,30.0,50.0,70.0,71.0,60.0,65.0,71.0,80.0,90.0
604,Alejandro Garnacho,10,10,19,65.0,40.0,75.0,72.0,81.0,80.0,80.0,81.0,94.0,100.0
605,Alemão João Victor,11,11,23,84.0,68.0,90.0,65.0,65.0,55.0,75.0,57.0,70.0,70.0
606,Alex Baena,12,12,24,74.0,31.0,80.0,83.0,81.0,76.0,55.0,81.0,86.0,100.0
607,Álex Jiménez,13,13,21,71.0,47.0,65.0,76.0,55.0,60.0,71.0,50.0,70.0,60.0
608,Alex Scott ,14,14,19,82.0,45.0,60.0,70.0,73.0,66.0,68.0,70.0,80.0,90.0
609,Anatoliy Trubin ,15,15,23,99.0,100.0,95.0,71.0,80.0,66.0,70.0,80.0,88.0,90.0
610,Andreas Schjelderup,16,16,25,76.0,30.0,90.0,83.0,75.0,77.0,70.0,75.0,85.0,90.0
611,Andrés Gómez  ,17,17,26,72.0,30.0,75.0,65.0,70.0,70.0,67.0,70.0,78.0,80.0
612,Andrey Santos,18,18,27,90.0,72.0,90.0,57.0,70.0,76.0,74.0,66.0,80.0,80.0
613,Ângelo Gabriel,19,19,27,60.0,30.0,60.0,73.0,70.0,66.0,70.0,68.0,81.0,80.0
614,Anselmo Garcia McNulty,20,20,28,94.0,85.0,50.0,73.0,67.0,60.0,83.0,65.0,75.0,70.0
615,Anthony Elanga,21,21,19,67.0,64.0,80.0,71.0,77.0,76.0,83.0,76.0,82.0,90.0
616,Anthony Gordon,22,22,19,69.0,42.0,75.0,72.0,85.0,77.0,74.0,86.0,90.0,100.0
617,Antoni Milambo,23,23,28,76.0,43.0,85.0,70.0,60.0,76.0,70.0,55.0,70.0,70.0
618,Antonio Nusa,24,24,22,54.0,30.0,65.0,71.0,72.0,75.0,80.0,70.0,83.0,80.0
619,Aral Simsir,25,25,25,76.0,43.0,90.0,86.0,73.0,93.0,71.0,70.0,77.0,80.0
620,Archie Brown,26,26,22,88.0,80.0,80.0,73.0,75.0,80.0,75.0,72.0,81.0,90.0
621,Archie Gray,27,27,17,81.0,71.0,45.0,60.0,74.0,50.0,82.0,74.0,91.0,60.0
622,Armindo Sieb ,28,28,29,72.0,40.0,80.0,65.0,71.0,78.0,66.0,70.0,78.0,80.0
623,Arouna Sangante,29,29,27,91.0,92.0,70.0,74.0,72.0,60.0,70.0,70.0,77.0,90.0
624,Arthur Vermeeren,30,30,24,91.0,85.0,70.0,74.0,75.0,57.0,81.0,73.0,84.0,90.0
625,Ashley Phillips,31,31,17,82.0,66.0,55.0,71.0,65.0,35.0,73.0,60.0,78.0,60.0
626,Ayman Kari,32,32,27,82.0,45.0,70.0,70.0,65.0,70.0,85.0,57.0,74.0,70.0
627,Ayyoub Bouadi,33,33,27,68.0,68.0,90.0,78.0,57.0,51.0,50.0,50.0,60.0,60.0
628,Arda Güler,34,34,24,60.0,53.0,95.0,95.0,70.0,94.0,73.0,60.0,75.0,70.0
629,Bart Verbruggen ,35,35,19,99.0,100.0,85.0,87.0,77.0,73.0,70.0,76.0,87.0,90.0
630,Bastien Meupiyou,36,36,27,90.0,77.0,95.0,75.0,60.0,85.0,80.0,50.0,70.0,70.0
631,Benjamin Sesko ,37,37,18,65.0,50.0,95.0,70.0,85.0,88.0,75.0,85.0,90.0,100.0
632,Benjamin Tahirovic,38,38,28,60.0,50.0,90.0,90.0,70.0,81.0,70.0,66.0,75.0,80.0
633,Bilal El Khannouss,39,39,22,80.0,40.0,65.0,85.0,75.0,65.0,70.0,75.0,80.0,90.0
634,Billy Gilmour ,40,40,19,80.0,60.0,65.0,87.0,76.0,70.0,75.0,75.0,81.0,90.0
635,Bobby Clark,41,41,19,80.0,65.0,99.0,76.0,60.0,90.0,70.0,50.0,70.0,70.0
636,Bradley Barcola,42,42,27,70.0,50.0,75.0,95.0,80.0,65.0,70.0,76.0,85.0,90.0
637,Bradley Locko,43,43,27,60.0,55.0,50.0,75.0,75.0,56.0,80.0,73.0,80.0,90.0
638,Brajan Gruda,44,44,18,66.0,50.0,90.0,80.0,75.0,90.0,77.0,70.0,80.0,80.0
639,Brandan Craig,45,45,26,92.0,83.0,60.0,77.0,55.0,50.0,70.0,50.0,65.0,60.0
640,Brian Brobbey,46,46,28,65.0,50.0,95.0,65.0,80.0,87.0,60.0,80.0,85.0,90.0
641,Brian Gutiérrez,47,47,26,70.0,60.0,70.0,75.0,70.0,65.0,65.0,70.0,80.0,90.0
642,Bukayo Saka,48,48,19,83.0,70.0,85.0,77.0,90.0,85.0,76.0,94.0,95.0,100.0
643,Cade Cowell,49,49,30,55.0,40.0,60.0,59.0,70.0,65.0,67.0,70.0,80.0,80.0
644,Can Uzun,50,50,29,80.0,76.0,90.0,70.0,70.0,86.0,65.0,65.0,80.0,70.0
645,Carlos Alcaraz ,51,51,21,56.0,30.0,85.0,65.0,70.0,70.0,71.0,70.0,77.0,80.0
646,Carlos Forbs,52,52,28,66.0,40.0,90.0,72.0,65.0,85.0,70.0,60.0,75.0,70.0
647,Castello Lukeba,53,53,18,87.0,88.0,70.0,75.0,80.0,65.0,75.0,80.0,85.0,90.0
648,Cavan Sullivan,54,54,26,50.0,50.0,70.0,70.0,80.0,70.0,70.0,50.0,50.0,50.0
649,Chaka Traorè,55,55,21,71.0,95.0,90.0,75.0,60.0,90.0,66.0,50.0,68.0,60.0
650,Charles de Ketelaere ,56,56,21,67.0,90.0,70.0,76.0,80.0,72.0,80.0,80.0,84.0,90.0
651,Chido Obi,57,57,31,75.0,81.0,95.0,80.0,50.0,95.0,60.0,40.0,60.0,50.0
652,Christos Tzolis,58,58,29,70.0,50.0,75.0,87.0,80.0,72.0,70.0,77.0,85.0,90.0
653,Claudio Echeverri ,59,59,32,68.0,50.0,99.0,80.0,70.0,91.0,77.0,65.0,78.0,70.0
654,Cole Palmer ,60,60,19,70.0,83.0,98.0,81.0,87.0,85.0,73.0,89.0,91.0,100.0
655,Conor Bradley ,61,61,19,83.0,50.0,80.0,75.0,75.0,83.0,81.0,73.0,85.0,90.0
656,Couhaib Driouech,62,62,28,68.0,50.0,75.0,77.0,65.0,75.0,74.0,65.0,71.0,70.0
657,Cristhian Mosquera,63,63,24,78.0,60.0,40.0,65.0,76.0,30.0,70.0,75.0,86.0,90.0
658,Crysencio Summerville,64,64,19,80.0,60.0,70.0,82.0,80.0,61.0,71.0,77.0,82.0,90.0
659,Daan Huijsen,65,65,21,87.0,80.0,90.0,82.0,66.0,88.0,72.0,60.0,77.0,70.0
660,Daniel Maldini,66,66,21,60.0,50.0,90.0,65.0,65.0,80.0,74.0,60.0,70.0,70.0
661,Abdul Issahaku Fatawu ,1,1,17,77.0,69.0,52.0,78.0,71.0,76.0,83.0,70.0,79.0,80.0
662,Adam Hložek ,2,2,18,72.0,53.0,70.0,82.0,72.0,70.0,71.0,78.0,80.0,90.0
663,Adam Wharton,3,3,19,77.0,87.0,65.0,76.0,71.0,85.0,77.0,71.0,82.0,90.0
664,Adrion Pajaziti,4,4,19,88.0,53.0,90.0,70.0,55.0,82.0,79.0,56.0,68.0,70.0
665,Agustín Ruberto ,5,5,20,62.0,56.0,85.0,55.0,62.0,39.0,40.0,57.0,60.0,50.0
666,Alan Matturro,6,6,21,83.0,88.0,60.0,67.0,60.0,70.0,70.0,55.0,71.0,70.0
667,Alan Minda,7,7,22,50.0,30.0,70.0,81.0,72.0,60.0,65.0,70.0,80.0,80.0
668,Alan Varela,8,8,23,81.0,61.0,45.0,75.0,80.0,56.0,70.0,80.0,85.0,90.0
669,Alberto Moleiro,9,9,24,70.0,30.0,50.0,70.0,71.0,60.0,65.0,71.0,80.0,90.0
670,Alejandro Garnacho,10,10,19,65.0,40.0,75.0,72.0,81.0,80.0,80.0,81.0,94.0,100.0
671,Alemão João Victor,11,11,23,84.0,68.0,90.0,65.0,65.0,55.0,75.0,57.0,70.0,70.0
672,Alex Baena,12,12,24,74.0,31.0,80.0,83.0,81.0,76.0,55.0,81.0,86.0,100.0
673,Álex Jiménez,13,13,21,71.0,47.0,65.0,76.0,55.0,60.0,71.0,50.0,70.0,60.0
674,Alex Scott ,14,14,19,82.0,45.0,60.0,70.0,73.0,66.0,68.0,70.0,80.0,90.0
675,Anatoliy Trubin ,15,15,23,99.0,100.0,95.0,71.0,80.0,66.0,70.0,80.0,88.0,90.0
676,Andreas Schjelderup,16,16,25,76.0,30.0,90.0,83.0,75.0,77.0,70.0,75.0,85.0,90.0
677,Andrés Gómez  ,17,17,26,72.0,30.0,75.0,65.0,70.0,70.0,67.0,70.0,78.0,80.0
678,Andrey Santos,18,18,27,90.0,72.0,90.0,57.0,70.0,76.0,74.0,66.0,80.0,80.0
679,Ângelo Gabriel,19,19,27,60.0,30.0,60.0,73.0,70.0,66.0,70.0,68.0,81.0,80.0
680,Anselmo Garcia McNulty,20,20,28,94.0,85.0,50.0,73.0,67.0,60.0,83.0,65.0,75.0,70.0
681,Anthony Elanga,21,21,19,67.0,64.0,80.0,71.0,77.0,76.0,83.0,76.0,82.0,90.0
682,Anthony Gordon,22,22,19,69.0,42.0,75.0,72.0,85.0,77.0,74.0,86.0,90.0,100.0
683,Antoni Milambo,23,23,28,76.0,43.0,85.0,70.0,60.0,76.0,70.0,55.0,70.0,70.0
684,Antonio Nusa,24,24,22,54.0,30.0,65.0,71.0,72.0,75.0,80.0,70.0,83.0,80.0
685,Aral Simsir,25,25,25,76.0,43.0,90.0,86.0,73.0,93.0,71.0,70.0,77.0,80.0
686,Archie Brown,26,26,22,88.0,80.0,80.0,73.0,75.0,80.0,75.0,72.0,81.0,90.0
687,Archie Gray,27,27,17,81.0,71.0,45.0,60.0,74.0,50.0,82.0,74.0,91.0,60.0
688,Armindo Sieb ,28,28,29,72.0,40.0,80.0,65.0,71.0,78.0,66.0,70.0,78.0,80.0
689,Arouna Sangante,29,29,27,91.0,92.0,70.0,74.0,72.0,60.0,70.0,70.0,77.0,90.0
690,Arthur Vermeeren,30,30,24,91.0,85.0,70.0,74.0,75.0,57.0,81.0,73.0,84.0,90.0
691,Ashley Phillips,31,31,17,82.0,66.0,55.0,71.0,65.0,35.0,73.0,60.0,78.0,60.0
692,Ayman Kari,32,32,27,82.0,45.0,70.0,70.0,65.0,70.0,85.0,57.0,74.0,70.0
693,Ayyoub Bouadi,33,33,27,68.0,68.0,90.0,78.0,57.0,51.0,50.0,50.0,60.0,60.0
694,Arda Güler,34,34,24,60.0,53.0,95.0,95.0,70.0,94.0,73.0,60.0,75.0,70.0
695,Bart Verbruggen ,35,35,19,99.0,100.0,85.0,87.0,77.0,73.0,70.0,76.0,87.0,90.0
696,Bastien Meupiyou,36,36,27,90.0,77.0,95.0,75.0,60.0,85.0,80.0,50.0,70.0,70.0
697,Benjamin Sesko ,37,37,18,65.0,50.0,95.0,70.0,85.0,88.0,75.0,85.0,90.0,100.0
698,Benjamin Tahirovic,38,38,28,60.0,50.0,90.0,90.0,70.0,81.0,70.0,66.0,75.0,80.0
699,Bilal El Khannouss,39,39,22,80.0,40.0,65.0,85.0,75.0,65.0,70.0,75.0,80.0,90.0
700,Billy Gilmour ,40,40,19,80.0,60.0,65.0,87.0,76.0,70.0,75.0,75.0,81.0,90.0
701,Bobby Clark,41,41,19,80.0,65.0,99.0,76.0,60.0,90.0,70.0,50.0,70.0,70.0
702,Bradley Barcola,42,42,27,70.0,50.0,75.0,95.0,80.0,65.0,70.0,76.0,85.0,90.0
703,Bradley Locko,43,43,27,60.0,55.0,50.0,75.0,75.0,56.0,80.0,73.0,80.0,90.0
704,Brajan Gruda,44,44,18,66.0,50.0,90.0,80.0,75.0,90.0,77.0,70.0,80.0,80.0
705,Brandan Craig,45,45,26,92.0,83.0,60.0,77.0,55.0,50.0,70.0,50.0,65.0,60.0
706,Brian Brobbey,46,46,28,65.0,50.0,95.0,65.0,80.0,87.0,60.0,80.0,85.0,90.0
707,Brian Gutiérrez,47,47,26,70.0,60.0,70.0,75.0,70.0,65.0,65.0,70.0,80.0,90.0
708,Bukayo Saka,48,48,19,83.0,70.0,85.0,77.0,90.0,85.0,76.0,94.0,95.0,100.0
709,Cade Cowell,49,49,30,55.0,40.0,60.0,59.0,70.0,65.0,67.0,70.0,80.0,80.0
710,Can Uzun,50,50,29,80.0,76.0,90.0,70.0,70.0,86.0,65.0,65.0,80.0,70.0
711,Carlos Alcaraz ,51,51,21,56.0,30.0,85.0,65.0,70.0,70.0,71.0,70.0,77.0,80.0
712,Carlos Forbs,52,52,28,66.0,40.0,90.0,72.0,65.0,85.0,70.0,60.0,75.0,70.0
713,Castello Lukeba,53,53,18,87.0,88.0,70.0,75.0,80.0,65.0,75.0,80.0,85.0,90.0
714,Cavan Sullivan,54,54,26,50.0,50.0,70.0,70.0,80.0,70.0,70.0,50.0,50.0,50.0
715,Chaka Traorè,55,55,21,71.0,95.0,90.0,75.0,60.0,90.0,66.0,50.0,68.0,60.0
716,Charles de Ketelaere ,56,56,21,67.0,90.0,70.0,76.0,80.0,72.0,80.0,80.0,84.0,90.0
717,Chido Obi,57,57,31,75.0,81.0,95.0,80.0,50.0,95.0,60.0,40.0,60.0,50.0
718,Christos Tzolis,58,58,29,70.0,50.0,75.0,87.0,80.0,72.0,70.0,77.0,85.0,90.0
719,Claudio Echeverri ,59,59,32,68.0,50.0,99.0,80.0,70.0,91.0,77.0,65.0,78.0,70.0
720,Cole Palmer ,60,60,19,70.0,83.0,98.0,81.0,87.0,85.0,73.0,89.0,91.0,100.0
721,Conor Bradley ,61,61,19,83.0,50.0,80.0,75.0,75.0,83.0,81.0,73.0,85.0,90.0
722,Couhaib Driouech,62,62,28,68.0,50.0,75.0,77.0,65.0,75.0,74.0,65.0,71.0,70.0
723,Cristhian Mosquera,63,63,24,78.0,60.0,40.0,65.0,76.0,30.0,70.0,75.0,86.0,90.0
724,Crysencio Summerville,64,64,19,80.0,60.0,70.0,82.0,80.0,61.0,71.0,77.0,82.0,90.0
725,Daan Huijsen,65,65,21,87.0,80.0,90.0,82.0,66.0,88.0,72.0,60.0,77.0,70.0
726,Daniel Maldini,66,66,21,60.0,50.0,90.0,65.0,65.0,80.0,74.0,60.0,70.0,70.0
727,Abdul Issahaku Fatawu ,1,1,17,77.0,69.0,52.0,78.0,71.0,76.0,83.0,70.0,79.0,80.0
728,Adam Hložek ,2,2,18,72.0,53.0,70.0,82.0,72.0,70.0,71.0,78.0,80.0,90.0
729,Adam Wharton,3,3,19,77.0,87.0,65.0,76.0,71.0,85.0,77.0,71.0,82.0,90.0
730,Adrion Pajaziti,4,4,19,88.0,53.0,90.0,70.0,55.0,82.0,79.0,56.0,68.0,70.0
731,Agustín Ruberto ,5,5,20,62.0,56.0,85.0,55.0,62.0,39.0,40.0,57.0,60.0,50.0
732,Alan Matturro,6,6,21,83.0,88.0,60.0,67.0,60.0,70.0,70.0,55.0,71.0,70.0
733,Alan Minda,7,7,22,50.0,30.0,70.0,81.0,72.0,60.0,65.0,70.0,80.0,80.0
734,Alan Varela,8,8,23,81.0,61.0,45.0,75.0,80.0,56.0,70.0,80.0,85.0,90.0
735,Alberto Moleiro,9,9,24,70.0,30.0,50.0,70.0,71.0,60.0,65.0,71.0,80.0,90.0
736,Alejandro Garnacho,10,10,19,65.0,40.0,75.0,72.0,81.0,80.0,80.0,81.0,94.0,100.0
737,Alemão João Victor,11,11,23,84.0,68.0,90.0,65.0,65.0,55.0,75.0,57.0,70.0,70.0
738,Alex Baena,12,12,24,74.0,31.0,80.0,83.0,81.0,76.0,55.0,81.0,86.0,100.0
739,Álex Jiménez,13,13,21,71.0,47.0,65.0,76.0,55.0,60.0,71.0,50.0,70.0,60.0
740,Alex Scott ,14,14,19,82.0,45.0,60.0,70.0,73.0,66.0,68.0,70.0,80.0,90.0
741,Anatoliy Trubin ,15,15,23,99.0,100.0,95.0,71.0,80.0,66.0,70.0,80.0,88.0,90.0
742,Andreas Schjelderup,16,16,25,76.0,30.0,90.0,83.0,75.0,77.0,70.0,75.0,85.0,90.0
743,Andrés Gómez  ,17,17,26,72.0,30.0,75.0,65.0,70.0,70.0,67.0,70.0,78.0,80.0
744,Andrey Santos,18,18,27,90.0,72.0,90.0,57.0,70.0,76.0,74.0,66.0,80.0,80.0
745,Ângelo Gabriel,19,19,27,60.0,30.0,60.0,73.0,70.0,66.0,70.0,68.0,81.0,80.0
746,Anselmo Garcia McNulty,20,20,28,94.0,85.0,50.0,73.0,67.0,60.0,83.0,65.0,75.0,70.0
747,Anthony Elanga,21,21,19,67.0,64.0,80.0,71.0,77.0,76.0,83.0,76.0,82.0,90.0
748,Anthony Gordon,22,22,19,69.0,42.0,75.0,72.0,85.0,77.0,74.0,86.0,90.0,100.0
749,Antoni Milambo,23,23,28,76.0,43.0,85.0,70.0,60.0,76.0,70.0,55.0,70.0,70.0
750,Antonio Nusa,24,24,22,54.0,30.0,65.0,71.0,72.0,75.0,80.0,70.0,83.0,80.0
751,Aral Simsir,25,25,25,76.0,43.0,90.0,86.0,73.0,93.0,71.0,70.0,77.0,80.0
752,Archie Brown,26,26,22,88.0,80.0,80.0,73.0,75.0,80.0,75.0,72.0,81.0,90.0
753,Archie Gray,27,27,17,81.0,71.0,45.0,60.0,74.0,50.0,82.0,74.0,91.0,60.0
754,Armindo Sieb ,28,28,29,72.0,40.0,80.0,65.0,71.0,78.0,66.0,70.0,78.0,80.0
755,Arouna Sangante,29,29,27,91.0,92.0,70.0,74.0,72.0,60.0,70.0,70.0,77.0,90.0
756,Arthur Vermeeren,30,30,24,91.0,85.0,70.0,74.0,75.0,57.0,81.0,73.0,84.0,90.0
757,Ashley Phillips,31,31,17,82.0,66.0,55.0,71.0,65.0,35.0,73.0,60.0,78.0,60.0
758,Ayman Kari,32,32,27,82.0,45.0,70.0,70.0,65.0,70.0,85.0,57.0,74.0,70.0
759,Ayyoub Bouadi,33,33,27,68.0,68.0,90.0,78.0,57.0,51.0,50.0,50.0,60.0,60.0
760,Arda Güler,34,34,24,60.0,53.0,95.0,95.0,70.0,94.0,73.0,60.0,75.0,70.0
761,Bart Verbruggen ,35,35,19,99.0,100.0,85.0,87.0,77.0,73.0,70.0,76.0,87.0,90.0
762,Bastien Meupiyou,36,36,27,90.0,77.0,95.0,75.0,60.0,85.0,80.0,50.0,70.0,70.0
763,Benjamin Sesko ,37,37,18,65.0,50.0,95.0,70.0,85.0,88.0,75.0,85.0,90.0,100.0
764,Benjamin Tahirovic,38,38,28,60.0,50.0,90.0,90.0,70.0,81.0,70.0,66.0,75.0,80.0
765,Bilal El Khannouss,39,39,22,80.0,40.0,65.0,85.0,75.0,65.0,70.0,75.0,80.0,90.0
766,Billy Gilmour ,40,40,19,80.0,60.0,65.0,87.0,76.0,70.0,75.0,75.0,81.0,90.0
767,Bobby Clark,41,41,19,80.0,65.0,99.0,76.0,60.0,90.0,70.0,50.0,70.0,70.0
768,Bradley Barcola,42,42,27,70.0,50.0,75.0,95.0,80.0,65.0,70.0,76.0,85.0,90.0
769,Bradley Locko,43,43,27,60.0,55.0,50.0,75.0,75.0,56.0,80.0,73.0,80.0,90.0
770,Brajan Gruda,44,44,18,66.0,50.0,90.0,80.0,75.0,90.0,77.0,70.0,80.0,80.0
771,Brandan Craig,45,45,26,92.0,83.0,60.0,77.0,55.0,50.0,70.0,50.0,65.0,60.0
772,Brian Brobbey,46,46,28,65.0,50.0,95.0,65.0,80.0,87.0,60.0,80.0,85.0,90.0
773,Brian Gutiérrez,47,47,26,70.0,60.0,70.0,75.0,70.0,65.0,65.0,70.0,80.0,90.0
774,Bukayo Saka,48,48,19,83.0,70.0,85.0,77.0,90.0,85.0,76.0,94.0,95.0,100.0
775,Cade Cowell,49,49,30,55.0,40.0,60.0,59.0,70.0,65.0,67.0,70.0,80.0,80.0
776,Can Uzun,50,50,29,80.0,76.0,90.0,70.0,70.0,86.0,65.0,65.0,80.0,70.0
777,Carlos Alcaraz ,51,51,21,56.0,30.0,85.0,65.0,70.0,70.0,71.0,70.0,77.0,80.0
778,Carlos Forbs,52,52,28,66.0,40.0,90.0,72.0,65.0,85.0,70.0,60.0,75.0,70.0
779,Castello Lukeba,53,53,18,87.0,88.0,70.0,75.0,80.0,65.0,75.0,80.0,85.0,90.0
780,Cavan Sullivan,54,54,26,50.0,50.0,70.0,70.0,80.0,70.0,70.0,50.0,50.0,50.0
781,Chaka Traorè,55,55,21,71.0,95.0,90.0,75.0,60.0,90.0,66.0,50.0,68.0,60.0
782,Charles de Ketelaere ,56,56,21,67.0,90.0,70.0,76.0,80.0,72.0,80.0,80.0,84.0,90.0
783,Chido Obi,57,57,31,75.0,81.0,95.0,80.0,50.0,95.0,60.0,40.0,60.0,50.0
784,Christos Tzolis,58,58,29,70.0,50.0,75.0,87.0,80.0,72.0,70.0,77.0,85.0,90.0
785,Claudio Echeverri ,59,59,32,68.0,50.0,99.0,80.0,70.0,91.0,77.0,65.0,78.0,70.0
786,Cole Palmer ,60,60,19,70.0,83.0,98.0,81.0,87.0,85.0,73.0,89.0,91.0,100.0
787,Conor Bradley ,61,61,19,83.0,50.0,80.0,75.0,75.0,83.0,81.0,73.0,85.0,90.0
788,Couhaib Driouech,62,62,28,68.0,50.0,75.0,77.0,65.0,75.0,74.0,65.0,71.0,70.0
789,Cristhian Mosquera,63,63,24,78.0,60.0,40.0,65.0,76.0,30.0,70.0,75.0,86.0,90.0
790,Crysencio Summerville,64,64,19,80.0,60.0,70.0,82.0,80.0,61.0,71.0,77.0,82.0,90.0
791,Daan Huijsen,65,65,21,87.0,80.0,90.0,82.0,66.0,88.0,72.0,60.0,77.0,70.0
792,Daniel Maldini,66,66,21,60.0,50.0,90.0,65.0,65.0,80.0,74.0,60.0,70.0,70.0
793,Abdul Issahaku Fatawu ,1,1,17,77.0,69.0,52.0,78.0,71.0,76.0,83.0,70.0,79.0,80.0
794,Adam Hložek ,2,2,18,72.0,53.0,70.0,82.0,72.0,70.0,71.0,78.0,80.0,90.0
795,Adam Wharton,3,3,19,77.0,87.0,65.0,76.0,71.0,85.0,77.0,71.0,82.0,90.0
796,Adrion Pajaziti,4,4,19,88.0,53.0,90.0,70.0,55.0,82.0,79.0,56.0,68.0,70.0
797,Agustín Ruberto ,5,5,20,62.0,56.0,85.0,55.0,62.0,39.0,40.0,57.0,60.0,50.0
798,Alan Matturro,6,6,21,83.0,88.0,60.0,67.0,60.0,70.0,70.0,55.0,71.0,70.0
799,Alan Minda,7,7,22,50.0,30.0,70.0,81.0,72.0,60.0,65.0,70.0,80.0,80.0
800,Alan Varela,8,8,23,81.0,61.0,45.0,75.0,80.0,56.0,70.0,80.0,85.0,90.0
801,Alberto Moleiro,9,9,24,70.0,30.0,50.0,70.0,71.0,60.0,65.0,71.0,80.0,90.0
802,Alejandro Garnacho,10,10,19,65.0,40.0,75.0,72.0,81.0,80.0,80.0,81.0,94.0,100.0
803,Alemão João Victor,11,11,23,84.0,68.0,90.0,65.0,65.0,55.0,75.0,57.0,70.0,70.0
804,Alex Baena,12,12,24,74.0,31.0,80.0,83.0,81.0,76.0,55.0,81.0,86.0,100.0
805,Álex Jiménez,13,13,21,71.0,47.0,65.0,76.0,55.0,60.0,71.0,50.0,70.0,60.0
806,Alex Scott ,14,14,19,82.0,45.0,60.0,70.0,73.0,66.0,68.0,70.0,80.0,90.0
807,Anatoliy Trubin ,15,15,23,99.0,100.0,95.0,71.0,80.0,66.0,70.0,80.0,88.0,90.0
808,Andreas Schjelderup,16,16,25,76.0,30.0,90.0,83.0,75.0,77.0,70.0,75.0,85.0,90.0
809,Andrés Gómez  ,17,17,26,72.0,30.0,75.0,65.0,70.0,70.0,67.0,70.0,78.0,80.0
810,Andrey Santos,18,18,27,90.0,72.0,90.0,57.0,70.0,76.0,74.0,66.0,80.0,80.0
811,Ângelo Gabriel,19,19,27,60.0,30.0,60.0,73.0,70.0,66.0,70.0,68.0,81.0,80.0
812,Anselmo Garcia McNulty,20,20,28,94.0,85.0,50.0,73.0,67.0,60.0,83.0,65.0,75.0,70.0
813,Anthony Elanga,21,21,19,67.0,64.0,80.0,71.0,77.0,76.0,83.0,76.0,82.0,90.0
814,Anthony Gordon,22,22,19,69.0,42.0,75.0,72.0,85.0,77.0,74.0,86.0,90.0,100.0
815,Antoni Milambo,23,23,28,76.0,43.0,85.0,70.0,60.0,76.0,70.0,55.0,70.0,70.0
816,Antonio Nusa,24,24,22,54.0,30.0,65.0,71.0,72.0,75.0,80.0,70.0,83.0,80.0
817,Aral Simsir,25,25,25,76.0,43.0,90.0,86.0,73.0,93.0,71.0,70.0,77.0,80.0
818,Archie Brown,26,26,22,88.0,80.0,80.0,73.0,75.0,80.0,75.0,72.0,81.0,90.0
819,Archie Gray,27,27,17,81.0,71.0,45.0,60.0,74.0,50.0,82.0,74.0,91.0,60.0
820,Armindo Sieb ,28,28,29,72.0,40.0,80.0,65.0,71.0,78.0,66.0,70.0,78.0,80.0
821,Arouna Sangante,29,29,27,91.0,92.0,70.0,74.0,72.0,60.0,70.0,70.0,77.0,90.0
822,Arthur Vermeeren,30,30,24,91.0,85.0,70.0,74.0,75.0,57.0,81.0,73.0,84.0,90.0
823,Ashley Phillips,31,31,17,82.0,66.0,55.0,71.0,65.0,35.0,73.0,60.0,78.0,60.0
824,Ayman Kari,32,32,27,82.0,45.0,70.0,70.0,65.0,70.0,85.0,57.0,74.0,70.0
825,Ayyoub Bouadi,33,33,27,68.0,68.0,90.0,78.0,57.0,51.0,50.0,50.0,60.0,60.0
826,Arda Güler,34,34,24,60.0,53.0,95.0,95.0,70.0,94.0,73.0,60.0,75.0,70.0
827,Bart Verbruggen ,35,35,19,99.0,100.0,85.0,87.0,77.0,73.0,70.0,76.0,87.0,90.0
828,Bastien Meupiyou,36,36,27,90.0,77.0,95.0,75.0,60.0,85.0,80.0,50.0,70.0,70.0
829,Benjamin Sesko ,37,37,18,65.0,50.0,95.0,70.0,85.0,88.0,75.0,85.0,90.0,100.0
830,Benjamin Tahirovic,38,38,28,60.0,50.0,90.0,90.0,70.0,81.0,70.0,66.0,75.0,80.0
831,Bilal El Khannouss,39,39,22,80.0,40.0,65.0,85.0,75.0,65.0,70.0,75.0,80.0,90.0
832,Billy Gilmour ,40,40,19,80.0,60.0,65.0,87.0,76.0,70.0,75.0,75.0,81.0,90.0
833,Bobby Clark,41,41,19,80.0,65.0,99.0,76.0,60.0,90.0,70.0,50.0,70.0,70.0
834,Bradley Barcola,42,42,27,70.0,50.0,75.0,95.0,80.0,65.0,70.0,76.0,85.0,90.0
835,Bradley Locko,43,43,27,60.0,55.0,50.0,75.0,75.0,56.0,80.0,73.0,80.0,90.0
836,Brajan Gruda,44,44,18,66.0,50.0,90.0,80.0,75.0,90.0,77.0,70.0,80.0,80.0
837,Brandan Craig,45,45,26,92.0,83.0,60.0,77.0,55.0,50.0,70.0,50.0,65.0,60.0
838,Brian Brobbey,46,46,28,65.0,50.0,95.0,65.0,80.0,87.0,60.0,80.0,85.0,90.0
839,Brian Gutiérrez,47,47,26,70.0,60.0,70.0,75.0,70.0,65.0,65.0,70.0,80.0,90.0
840,Bukayo Saka,48,48,19,83.0,70.0,85.0,77.0,90.0,85.0,76.0,94.0,95.0,100.0
841,Cade Cowell,49,49,30,55.0,40.0,60.0,59.0,70.0,65.0,67.0,70.0,80.0,80.0
842,Can Uzun,50,50,29,80.0,76.0,90.0,70.0,70.0,86.0,65.0,65.0,80.0,70.0
843,Carlos Alcaraz ,51,51,21,56.0,30.0,85.0,65.0,70.0,70.0,71.0,70.0,77.0,80.0
844,Carlos Forbs,52,52,28,66.0,40.0,90.0,72.0,65.0,85.0,70.0,60.0,75.0,70.0
845,Castello Lukeba,53,53,18,87.0,88.0,70.0,75.0,80.0,65.0,75.0,80.0,85.0,90.0
846,Cavan Sullivan,54,54,26,50.0,50.0,70.0,70.0,80.0,70.0,70.0,50.0,50.0,50.0
847,Chaka Traorè,55,55,21,71.0,95.0,90.0,75.0,60.0,90.0,66.0,50.0,68.0,60.0
848,Charles de Ketelaere ,56,56,21,67.0,90.0,70.0,76.0,80.0,72.0,80.0,80.0,84.0,90.0
849,Chido Obi,57,57,31,75.0,81.0,95.0,80.0,50.0,95.0,60.0,40.0,60.0,50.0
850,Christos Tzolis,58,58,29,70.0,50.0,75.0,87.0,80.0,72.0,70.0,77.0,85.0,90.0
851,Claudio Echeverri ,59,59,32,68.0,50.0,99.0,80.0,70.0,91.0,77.0,65.0,78.0,70.0
852,Cole Palmer ,60,60,19,70.0,83.0,98.0,81.0,87.0,85.0,73.0,89.0,91.0,100.0
853,Conor Bradley ,61,61,19,83.0,50.0,80.0,75.0,75.0,83.0,81.0,73.0,85.0,90.0
854,Couhaib Driouech,62,62,28,68.0,50.0,75.0,77.0,65.0,75.0,74.0,65.0,71.0,70.0
855,Cristhian Mosquera,63,63,24,78.0,60.0,40.0,65.0,76.0,30.0,70.0,75.0,86.0,90.0
856,Crysencio Summerville,64,64,19,80.0,60.0,70.0,82.0,80.0,61.0,71.0,77.0,82.0,90.0
857,Daan Huijsen,65,65,21,87.0,80.0,90.0,82.0,66.0,88.0,72.0,60.0,77.0,70.0
858,Daniel Maldini,66,66,21,60.0,50.0,90.0,65.0,65.0,80.0,74.0,60.0,70.0,70.0
